cohortId,cohortEntries,cohortSubjects,database,targetCohortId,strataCohortId,targetCohortName,strataCohortName,fullName
215,439,439,nhfd,2,15,Cohort2,Malignancy,Cohort2: Malignancy
401,29209,29209,nhfd,4,01,Cohort4,SHS,Cohort4: SHS
115,3576,3576,nhfd,1,15,Cohort1,Malignancy,Cohort1: Malignancy
315,439,439,nhfd,3,15,Cohort3,Malignancy,Cohort3: Malignancy
113,10031,6800,nhfd,1,13,Cohort1,Pathology,Cohort1: Pathology
216,449252,449252,nhfd,2,16,Cohort2,No Malignancy,Cohort2: No Malignancy
316,472715,449252,nhfd,3,16,Cohort3,No Malignancy,Cohort3: No Malignancy
416,345721,345721,nhfd,4,16,Cohort4,No Malignancy,Cohort4: No Malignancy
116,577646,577646,nhfd,1,16,Cohort1,No Malignancy,Cohort1: No Malignancy
314,944875,449258,nhfd,3,14,Cohort3,No pathology,Cohort3: No pathology
414,688806,346071,nhfd,4,14,Cohort4,No pathology,Cohort4: No pathology
415,3343,3343,nhfd,4,15,Cohort4,Malignancy,Cohort4: Malignancy
214,898077,449258,nhfd,2,14,Cohort2,No pathology,Cohort2: No pathology
114,1152413,577991,nhfd,1,14,Cohort1,No pathology,Cohort1: No pathology
201,194363,194363,nhfd,2,01,Cohort2,SHS,Cohort2: SHS
301,194363,194363,nhfd,3,01,Cohort3,SHS,Cohort3: SHS
3,473298,449691,nhfd,3,,Cohort3,Cohort3,Cohort3: Cohort3
410,181920,181920,nhfd,4,10,Cohort4,No Hemiarthroplasty,Cohort4: No Hemiarthroplasty
112,131311,131311,nhfd,1,12,Cohort1,No Operation,Cohort1: No Operation
101,194363,194363,nhfd,1,01,Cohort1,SHS,Cohort1: SHS
1,581222,581222,nhfd,1,,Cohort1,Cohort1,Cohort1: Cohort1
310,292401,281263,nhfd,3,10,Cohort3,No Hemiarthroplasty,Cohort3: No Hemiarthroplasty
210,281263,281263,nhfd,2,10,Cohort2,No Hemiarthroplasty,Cohort2: No Hemiarthroplasty
110,412734,412734,nhfd,1,10,Cohort1,No Hemiarthroplasty,Cohort1: No Hemiarthroplasty
403,20595,20595,nhfd,4,03,Cohort4,CHS,Cohort4: CHS
203,21762,21762,nhfd,2,03,Cohort2,CHS,Cohort2: CHS
303,21762,21762,nhfd,3,03,Cohort3,CHS,Cohort3: CHS
103,21762,21762,nhfd,1,03,Cohort1,CHS,Cohort1: CHS
412,132511,132511,nhfd,4,12,Cohort4,No Operation,Cohort4: No Operation
407,2883,2883,nhfd,4,07,Cohort4,IM nail,Cohort4: IM nail
106,581222,581222,nhfd,1,06,Cohort1,No THR,Cohort1: No THR
307,72356,72356,nhfd,3,07,Cohort3,IM nail,Cohort3: IM nail
107,72356,72356,nhfd,1,07,Cohort1,IM nail,Cohort1: IM nail
207,72356,72356,nhfd,2,07,Cohort2,IM nail,Cohort2: IM nail
408,346181,346181,nhfd,4,08,Cohort4,No IM nail,Cohort4: No IM nail
308,395403,377335,nhfd,3,08,Cohort3,No IM nail,Cohort3: No IM nail
108,508866,508866,nhfd,1,08,Cohort1,No IM nail,Cohort1: No IM nail
208,377335,377335,nhfd,2,08,Cohort2,No IM nail,Cohort2: No IM nail
309,168428,168428,nhfd,3,09,Cohort3,Hemiarthroplasty,Cohort3: Hemiarthroplasty
409,167144,167144,nhfd,4,09,Cohort4,Hemiarthroplasty,Cohort4: Hemiarthroplasty
306,473298,449691,nhfd,3,06,Cohort3,No THR,Cohort3: No THR
406,349064,349064,nhfd,4,06,Cohort4,No THR,Cohort4: No THR
206,449691,449691,nhfd,2,06,Cohort2,No THR,Cohort2: No THR
209,168428,168428,nhfd,2,09,Cohort2,Hemiarthroplasty,Cohort2: Hemiarthroplasty
109,168488,168488,nhfd,1,09,Cohort1,Hemiarthroplasty,Cohort1: Hemiarthroplasty
404,328469,328469,nhfd,4,04,Cohort4,No CHS,Cohort4: No CHS
304,450075,427929,nhfd,3,04,Cohort3,No CHS,Cohort3: No CHS
213,1305,872,nhfd,2,13,Cohort2,Pathology,Cohort2: Pathology
313,1305,872,nhfd,3,13,Cohort3,Pathology,Cohort3: Pathology
413,9322,6329,nhfd,4,13,Cohort4,Pathology,Cohort4: Pathology
402,319855,319855,nhfd,4,02,Cohort4,No SHS,Cohort4: No SHS
204,427929,427929,nhfd,2,04,Cohort2,No CHS,Cohort2: No CHS
104,559460,559460,nhfd,1,04,Cohort1,No CHS,Cohort1: No CHS
4,349064,349064,nhfd,4,,Cohort4,Cohort4,Cohort4: Cohort4
211,449691,449691,nhfd,2,11,Cohort2,Operation,Cohort2: Operation
311,449691,449691,nhfd,3,11,Cohort3,Operation,Cohort3: Operation
411,216553,216553,nhfd,4,11,Cohort4,Operation,Cohort4: Operation
202,255328,255328,nhfd,2,02,Cohort2,No SHS,Cohort2: No SHS
102,386859,386859,nhfd,1,02,Cohort1,No SHS,Cohort1: No SHS
302,265252,255328,nhfd,3,02,Cohort3,No SHS,Cohort3: No SHS
2,449691,449691,nhfd,2,,Cohort2,Cohort2,Cohort2: Cohort2
111,449911,449911,nhfd,1,11,Cohort1,Operation,Cohort1: Operation
