nn,cohortId,conceptName,totalEntries,totalSubjects,pct
116201,1,Spinal anesthesia,581222,581222,0.1999253297363142
205736,2,Spinal anesthesia,449691,449691,0.4575052647262231
209776,3,Spinal anesthesia,473298,449691,0.4664892114807723
12187,4,Spinal anesthesia,349064,349064,0.0349133683221415
76507,101,Spinal anesthesia,194363,194363,0.3936294459336396
39694,102,Spinal anesthesia,386859,386859,0.10260585898221317
1336,103,Spinal anesthesia,21762,21762,0.06139141623012591
114865,104,Spinal anesthesia,559460,559460,0.20531405283666393
116201,106,Spinal anesthesia,581222,581222,0.1999253297363142
28241,107,Spinal anesthesia,72356,72356,0.3903062634750401
87960,108,Spinal anesthesia,508866,508866,0.1728549362700593
7854,109,Spinal anesthesia,168488,168488,0.04661459569820996
108347,110,Spinal anesthesia,412734,412734,0.26251047890408835
112043,111,Spinal anesthesia,449911,449911,0.24903369777578233
4158,112,Spinal anesthesia,131311,131311,0.0316652831826732
412,113,Spinal anesthesia,10031,6800,0.06058823529411764
115789,114,Spinal anesthesia,1152413,577991,0.20033010894633307
181,115,Spinal anesthesia,3576,3576,0.05061521252796421
116020,116,Spinal anesthesia,577646,577646,0.2008496553252338
231,117,Spinal anesthesia,NA,NA,NA
115970,118,Spinal anesthesia,NA,NA,NA
88811,201,Spinal anesthesia,194363,194363,0.4569336756481429
116925,202,Spinal anesthesia,255328,255328,0.4579403747336759
10111,203,Spinal anesthesia,21762,21762,0.4646172226817388
195625,204,Spinal anesthesia,427929,427929,0.45714359157710743
205736,206,Spinal anesthesia,449691,449691,0.4575052647262231
29405,207,Spinal anesthesia,72356,72356,0.40639338824700094
176331,208,Spinal anesthesia,377335,377335,0.4673062398134284
80837,209,Spinal anesthesia,168428,168428,0.47994988956705537
124899,210,Spinal anesthesia,281263,281263,0.4440648076711121
205736,211,Spinal anesthesia,449691,449691,0.4575052647262231
406,213,Spinal anesthesia,1305,872,0.46559633027522934
205330,214,Spinal anesthesia,898077,449258,0.4570425011908525
200,215,Spinal anesthesia,439,439,0.45558086560364464
205536,216,Spinal anesthesia,449252,449252,0.4575071452102606
206,217,Spinal anesthesia,NA,NA,NA
205530,218,Spinal anesthesia,NA,NA,NA
88768,301,Spinal anesthesia,194363,194363,0.4567124401249209
118611,302,Spinal anesthesia,265252,255328,0.46454364582027824
10121,303,Spinal anesthesia,21762,21762,0.4650767392702877
199411,304,Spinal anesthesia,450075,427929,0.4659908536229141
209776,306,Spinal anesthesia,473298,449691,0.4664892114807723
29332,307,Spinal anesthesia,72356,72356,0.4053844878102714
179410,308,Spinal anesthesia,395403,377335,0.4754660977645858
80864,309,Spinal anesthesia,168428,168428,0.4801101954544375
126785,310,Spinal anesthesia,292401,281263,0.45077027550726545
205736,311,Spinal anesthesia,449691,449691,0.4575052647262231
406,313,Spinal anesthesia,1305,872,0.46559633027522934
209322,314,Spinal anesthesia,944875,449258,0.4659282639374257
198,315,Spinal anesthesia,439,439,0.4510250569476082
209553,316,Spinal anesthesia,472715,449252,0.4664486746859224
204,317,Spinal anesthesia,NA,NA,NA
209545,318,Spinal anesthesia,NA,NA,NA
1031,401,Spinal anesthesia,29209,29209,0.03529733986100174
11156,402,Spinal anesthesia,319855,319855,0.03487830423160495
745,403,Spinal anesthesia,20595,20595,0.03617382859917455
11442,404,Spinal anesthesia,328469,328469,0.03483433748694702
12187,406,Spinal anesthesia,349064,349064,0.0349133683221415
103,407,Spinal anesthesia,2883,2883,0.03572667360388484
12084,408,Spinal anesthesia,346181,346181,0.03490659510487289
6252,409,Spinal anesthesia,167144,167144,0.03740487244531661
5935,410,Spinal anesthesia,181920,181920,0.03262423043095866
7992,411,Spinal anesthesia,216553,216553,0.03690551504712472
4195,412,Spinal anesthesia,132511,132511,0.0316577491679936
182,413,Spinal anesthesia,9322,6329,0.02875651761731711
12005,414,Spinal anesthesia,688806,346071,0.03468941344406205
72,415,Spinal anesthesia,3343,3343,0.02153754113072091
12115,416,Spinal anesthesia,345721,345721,0.03504270784823601
110,417,Spinal anesthesia,NA,NA,NA
12077,418,Spinal anesthesia,NA,NA,NA
16,1,American Society of Anesthesiologists physical status classification,581222,581222,2.752820781044076e-5
25,1,American Society of Anesthesiologists physical status classification,581222,581222,4.301282470381369e-5
4,1,American Society of Anesthesiologists physical status classification,581222,581222,6.882051952610191e-6
2,2,American Society of Anesthesiologists physical status classification,449691,449691,4.447498393341206e-6
5,2,American Society of Anesthesiologists physical status classification,449691,449691,1.1118745983353014e-5
2,3,American Society of Anesthesiologists physical status classification,473298,449691,4.447498393341206e-6
5,3,American Society of Anesthesiologists physical status classification,473298,449691,1.1118745983353014e-5
15,4,American Society of Anesthesiologists physical status classification,349064,349064,4.29720624298123e-5
23,4,American Society of Anesthesiologists physical status classification,349064,349064,6.58904957257122e-5
4,4,American Society of Anesthesiologists physical status classification,349064,349064,1.1459216647949946e-5
2,101,American Society of Anesthesiologists physical status classification,194363,194363,1.0290024335907556e-5
2,101,American Society of Anesthesiologists physical status classification,194363,194363,1.0290024335907556e-5
14,102,American Society of Anesthesiologists physical status classification,386859,386859,3.618889569584784e-5
23,102,American Society of Anesthesiologists physical status classification,386859,386859,5.945318578603574e-5
4,102,American Society of Anesthesiologists physical status classification,386859,386859,1.0339684484527957e-5
4,103,American Society of Anesthesiologists physical status classification,21762,21762,1.8380663541953864e-4
2,103,American Society of Anesthesiologists physical status classification,21762,21762,9.190331770976932e-5
12,104,American Society of Anesthesiologists physical status classification,559460,559460,2.1449254638401315e-5
23,104,American Society of Anesthesiologists physical status classification,559460,559460,4.111107139026919e-5
4,104,American Society of Anesthesiologists physical status classification,559460,559460,7.149751546133772e-6
16,106,American Society of Anesthesiologists physical status classification,581222,581222,2.752820781044076e-5
25,106,American Society of Anesthesiologists physical status classification,581222,581222,4.301282470381369e-5
4,106,American Society of Anesthesiologists physical status classification,581222,581222,6.882051952610191e-6
1,107,American Society of Anesthesiologists physical status classification,72356,72356,1.3820553927801426e-5
16,108,American Society of Anesthesiologists physical status classification,508866,508866,3.144246225921952e-5
24,108,American Society of Anesthesiologists physical status classification,508866,508866,4.716369338882928e-5
4,108,American Society of Anesthesiologists physical status classification,508866,508866,7.86061556480488e-6
3,109,American Society of Anesthesiologists physical status classification,168488,168488,1.7805422344618015e-5
15,109,American Society of Anesthesiologists physical status classification,168488,168488,8.902711172309008e-5
1,109,American Society of Anesthesiologists physical status classification,168488,168488,5.935140781539338e-6
13,110,American Society of Anesthesiologists physical status classification,412734,412734,3.149728396497502e-5
10,110,American Society of Anesthesiologists physical status classification,412734,412734,2.4228679973057707e-5
3,110,American Society of Anesthesiologists physical status classification,412734,412734,7.268603991917312e-6
9,111,American Society of Anesthesiologists physical status classification,449911,449911,2.00039563380313e-5
19,111,American Society of Anesthesiologists physical status classification,449911,449911,4.223057449139941e-5
1,111,American Society of Anesthesiologists physical status classification,449911,449911,2.222661815336811e-6
7,112,American Society of Anesthesiologists physical status classification,131311,131311,5.330855754658787e-5
6,112,American Society of Anesthesiologists physical status classification,131311,131311,4.569304932564675e-5
3,112,American Society of Anesthesiologists physical status classification,131311,131311,2.2846524662823377e-5
1,113,American Society of Anesthesiologists physical status classification,10031,6800,1.4705882352941175e-4
16,114,American Society of Anesthesiologists physical status classification,1152413,577991,2.768209193568758e-5
25,114,American Society of Anesthesiologists physical status classification,1152413,577991,4.325326864951184e-5
3,114,American Society of Anesthesiologists physical status classification,1152413,577991,5.190392237941421e-6
16,116,American Society of Anesthesiologists physical status classification,577646,577646,2.7698625109496126e-5
25,116,American Society of Anesthesiologists physical status classification,577646,577646,4.32791017335877e-5
4,116,American Society of Anesthesiologists physical status classification,577646,577646,6.924656277374032e-6
1,117,American Society of Anesthesiologists physical status classification,NA,NA,NA
15,118,American Society of Anesthesiologists physical status classification,NA,NA,NA
25,118,American Society of Anesthesiologists physical status classification,NA,NA,NA
3,118,American Society of Anesthesiologists physical status classification,NA,NA,NA
1,201,American Society of Anesthesiologists physical status classification,194363,194363,5.145012167953777e-6
2,201,American Society of Anesthesiologists physical status classification,194363,194363,1.0290024335907556e-5
1,202,American Society of Anesthesiologists physical status classification,255328,255328,3.9165308935956885e-6
3,202,American Society of Anesthesiologists physical status classification,255328,255328,1.1749592680787066e-5
1,203,American Society of Anesthesiologists physical status classification,21762,21762,4.595165885488466e-5
2,204,American Society of Anesthesiologists physical status classification,427929,427929,4.673672501746785e-6
4,204,American Society of Anesthesiologists physical status classification,427929,427929,9.34734500349357e-6
2,206,American Society of Anesthesiologists physical status classification,449691,449691,4.447498393341206e-6
5,206,American Society of Anesthesiologists physical status classification,449691,449691,1.1118745983353014e-5
2,208,American Society of Anesthesiologists physical status classification,377335,377335,5.30032994553911e-6
5,208,American Society of Anesthesiologists physical status classification,377335,377335,1.3250824863847775e-5
1,209,American Society of Anesthesiologists physical status classification,168428,168428,5.937255088227611e-6
3,209,American Society of Anesthesiologists physical status classification,168428,168428,1.7811765264682833e-5
1,210,American Society of Anesthesiologists physical status classification,281263,281263,3.5553912174726144e-6
2,210,American Society of Anesthesiologists physical status classification,281263,281263,7.110782434945229e-6
2,211,American Society of Anesthesiologists physical status classification,449691,449691,4.447498393341206e-6
5,211,American Society of Anesthesiologists physical status classification,449691,449691,1.1118745983353014e-5
2,214,American Society of Anesthesiologists physical status classification,898077,449258,4.451784943172965e-6
5,214,American Society of Anesthesiologists physical status classification,898077,449258,1.1129462357932412e-5
2,216,American Society of Anesthesiologists physical status classification,449252,449252,4.4518443991345615e-6
5,216,American Society of Anesthesiologists physical status classification,449252,449252,1.1129610997836404e-5
2,218,American Society of Anesthesiologists physical status classification,NA,NA,NA
5,218,American Society of Anesthesiologists physical status classification,NA,NA,NA
1,301,American Society of Anesthesiologists physical status classification,194363,194363,5.145012167953777e-6
2,301,American Society of Anesthesiologists physical status classification,194363,194363,1.0290024335907556e-5
1,302,American Society of Anesthesiologists physical status classification,265252,255328,3.9165308935956885e-6
3,302,American Society of Anesthesiologists physical status classification,265252,255328,1.1749592680787066e-5
1,303,American Society of Anesthesiologists physical status classification,21762,21762,4.595165885488466e-5
2,304,American Society of Anesthesiologists physical status classification,450075,427929,4.673672501746785e-6
4,304,American Society of Anesthesiologists physical status classification,450075,427929,9.34734500349357e-6
2,306,American Society of Anesthesiologists physical status classification,473298,449691,4.447498393341206e-6
5,306,American Society of Anesthesiologists physical status classification,473298,449691,1.1118745983353014e-5
2,308,American Society of Anesthesiologists physical status classification,395403,377335,5.30032994553911e-6
5,308,American Society of Anesthesiologists physical status classification,395403,377335,1.3250824863847775e-5
1,309,American Society of Anesthesiologists physical status classification,168428,168428,5.937255088227611e-6
3,309,American Society of Anesthesiologists physical status classification,168428,168428,1.7811765264682833e-5
1,310,American Society of Anesthesiologists physical status classification,292401,281263,3.5553912174726144e-6
2,310,American Society of Anesthesiologists physical status classification,292401,281263,7.110782434945229e-6
2,311,American Society of Anesthesiologists physical status classification,449691,449691,4.447498393341206e-6
5,311,American Society of Anesthesiologists physical status classification,449691,449691,1.1118745983353014e-5
2,314,American Society of Anesthesiologists physical status classification,944875,449258,4.451784943172965e-6
5,314,American Society of Anesthesiologists physical status classification,944875,449258,1.1129462357932412e-5
2,316,American Society of Anesthesiologists physical status classification,472715,449252,4.4518443991345615e-6
5,316,American Society of Anesthesiologists physical status classification,472715,449252,1.1129610997836404e-5
2,318,American Society of Anesthesiologists physical status classification,NA,NA,NA
5,318,American Society of Anesthesiologists physical status classification,NA,NA,NA
14,402,American Society of Anesthesiologists physical status classification,319855,319855,4.376983320567132e-5
23,402,American Society of Anesthesiologists physical status classification,319855,319855,7.190758312360289e-5
4,402,American Society of Anesthesiologists physical status classification,319855,319855,1.2505666630191806e-5
4,403,American Society of Anesthesiologists physical status classification,20595,20595,1.94221898519058e-4
2,403,American Society of Anesthesiologists physical status classification,20595,20595,9.7110949259529e-5
10,404,American Society of Anesthesiologists physical status classification,328469,328469,3.044427327997467e-5
21,404,American Society of Anesthesiologists physical status classification,328469,328469,6.39329738879468e-5
4,404,American Society of Anesthesiologists physical status classification,328469,328469,1.2177709311989868e-5
14,406,American Society of Anesthesiologists physical status classification,349064,349064,4.010725826782481e-5
23,406,American Society of Anesthesiologists physical status classification,349064,349064,6.58904957257122e-5
4,406,American Society of Anesthesiologists physical status classification,349064,349064,1.1459216647949946e-5
1,407,American Society of Anesthesiologists physical status classification,2883,2883,3.46860908775581e-4
14,408,American Society of Anesthesiologists physical status classification,346181,346181,4.044127205132575e-5
22,408,American Society of Anesthesiologists physical status classification,346181,346181,6.355057036636904e-5
4,408,American Society of Anesthesiologists physical status classification,346181,346181,1.1554649157521643e-5
3,409,American Society of Anesthesiologists physical status classification,167144,167144,1.7948595223280523e-5
14,409,American Society of Anesthesiologists physical status classification,167144,167144,8.376011104197578e-5
1,409,American Society of Anesthesiologists physical status classification,167144,167144,5.982865074426841e-6
11,410,American Society of Anesthesiologists physical status classification,181920,181920,6.046613896218118e-5
9,410,American Society of Anesthesiologists physical status classification,181920,181920,4.947229551451187e-5
3,410,American Society of Anesthesiologists physical status classification,181920,181920,1.6490765171503957e-5
7,411,American Society of Anesthesiologists physical status classification,216553,216553,3.232465031655068e-5
17,411,American Society of Anesthesiologists physical status classification,216553,216553,7.850272219733738e-5
1,411,American Society of Anesthesiologists physical status classification,216553,216553,4.617807188078669e-6
7,412,American Society of Anesthesiologists physical status classification,132511,132511,5.282580314087132e-5
6,412,American Society of Anesthesiologists physical status classification,132511,132511,4.527925983503256e-5
3,412,American Society of Anesthesiologists physical status classification,132511,132511,2.263962991751628e-5
1,413,American Society of Anesthesiologists physical status classification,9322,6329,1.5800284405119292e-4
14,414,American Society of Anesthesiologists physical status classification,688806,346071,4.045412646537849e-5
23,414,American Society of Anesthesiologists physical status classification,688806,346071,6.646035062169323e-5
3,414,American Society of Anesthesiologists physical status classification,688806,346071,8.668741385438247e-6
14,416,American Society of Anesthesiologists physical status classification,345721,345721,4.0495081293875695e-5
23,416,American Society of Anesthesiologists physical status classification,345721,345721,6.652763355422436e-5
4,416,American Society of Anesthesiologists physical status classification,345721,345721,1.1570023226821627e-5
1,417,American Society of Anesthesiologists physical status classification,NA,NA,NA
14,418,American Society of Anesthesiologists physical status classification,NA,NA,NA
23,418,American Society of Anesthesiologists physical status classification,NA,NA,NA
3,418,American Society of Anesthesiologists physical status classification,NA,NA,NA
46998,1,EHR,581222,581222,0.08086066941719343
35193,2,EHR,449691,449691,0.07826040547842852
35193,3,EHR,473298,449691,0.07826040547842852
27879,4,EHR,349064,349064,0.07986787523204913
15347,101,EHR,194363,194363,0.07896050174158661
31651,102,EHR,386859,386859,0.08181533840494858
786,103,EHR,21762,21762,0.03611800385993934
46212,104,EHR,559460,559460,0.08260107961248346
46998,106,EHR,581222,581222,0.08086066941719343
6025,107,EHR,72356,72356,0.0832688374150036
40973,108,EHR,508866,508866,0.08051825038418758
13490,109,EHR,168488,168488,0.08006504914296567
33508,110,EHR,412734,412734,0.08118546085372176
35204,111,EHR,449911,449911,0.0782465865471171
11794,112,EHR,131311,131311,0.08981730395777962
859,113,EHR,10031,6800,0.1263235294117647
46139,114,EHR,1152413,577991,0.07982650248879308
494,115,EHR,3576,3576,0.13814317673378076
46504,116,EHR,577646,577646,0.0805060538807505
365,117,EHR,NA,NA,NA
46633,118,EHR,NA,NA,NA
15347,201,EHR,194363,194363,0.07896050174158661
19846,202,EHR,255328,255328,0.07772747211430003
785,203,EHR,21762,21762,0.03607205220108446
34408,204,EHR,427929,427929,0.0804058617200517
35193,206,EHR,449691,449691,0.07826040547842852
6025,207,EHR,72356,72356,0.0832688374150036
29168,208,EHR,377335,377335,0.07730001192574237
13485,209,EHR,168428,168428,0.08006388486474933
21708,210,EHR,281263,281263,0.07718043254889552
35193,211,EHR,449691,449691,0.07826040547842852
112,213,EHR,1305,872,0.12844036697247707
35081,214,EHR,898077,449258,0.0780865337957254
61,215,EHR,439,439,0.13895216400911162
35132,216,EHR,449252,449252,0.0782010987151977
51,217,EHR,NA,NA,NA
35142,218,EHR,NA,NA,NA
15347,301,EHR,194363,194363,0.07896050174158661
19846,302,EHR,265252,255328,0.07772747211430003
785,303,EHR,21762,21762,0.03607205220108446
34408,304,EHR,450075,427929,0.0804058617200517
35193,306,EHR,473298,449691,0.07826040547842852
6024,307,EHR,72356,72356,0.0832550168610758
29168,308,EHR,395403,377335,0.07730001192574237
13484,309,EHR,168428,168428,0.0800579476096611
21708,310,EHR,292401,281263,0.07718043254889552
35193,311,EHR,449691,449691,0.07826040547842852
112,313,EHR,1305,872,0.12844036697247707
35081,314,EHR,944875,449258,0.0780865337957254
61,315,EHR,439,439,0.13895216400911162
35132,316,EHR,472715,449252,0.0782010987151977
51,317,EHR,NA,NA,NA
35142,318,EHR,NA,NA,NA
1857,401,EHR,29209,29209,0.0635762949775754
26022,402,EHR,319855,319855,0.08135561426271279
708,403,EHR,20595,20595,0.03437727603787327
27171,404,EHR,328469,328469,0.08272013492901918
27879,406,EHR,349064,349064,0.07986787523204913
228,407,EHR,2883,2883,0.07908428720083246
27651,408,EHR,346181,346181,0.07987440096365774
13357,409,EHR,167144,167144,0.07991312879911933
14522,410,EHR,181920,181920,0.07982629727352683
15941,411,EHR,216553,216553,0.07361246438516206
11938,412,EHR,132511,132511,0.09009063398510311
805,413,EHR,9322,6329,0.1271922894612103
27074,414,EHR,688806,346071,0.07823250142311838
462,415,EHR,3343,3343,0.13819922225545916
27417,416,EHR,345721,345721,0.07930383170244214
343,417,EHR,NA,NA,NA
27536,418,EHR,NA,NA,NA
20438,103,Fracture of neck of femur,21762,21762,0.9391600036761328
344822,106,Fracture of neck of femur,581222,581222,0.5932707296007378
6271,113,Fracture of neck of femur,10031,6800,0.9222058823529412
341519,116,Fracture of neck of femur,577646,577646,0.5912254217981255
1766,203,Fracture of neck of femur,21762,21762,0.08115062953772631
16990,206,Fracture of neck of femur,449691,449691,0.03778149885143354
13070,209,Fracture of neck of femur,168428,168428,0.07759992400313487
16896,216,Fracture of neck of femur,449252,449252,0.03760918148388877
15333,302,Fracture of neck of femur,265252,255328,0.06005216819150269
13168,309,Fracture of neck of femur,168428,168428,0.07818177500178118
99,315,Fracture of neck of femur,439,439,0.2255125284738041
319833,402,Fracture of neck of femur,319855,319855,0.999931218833534
132507,412,Fracture of neck of femur,132511,132511,0.9999698138267766
3339,415,Fracture of neck of femur,3343,3343,0.9988034699371822
346010,418,Fracture of neck of femur,NA,NA,NA
19770,3,Intertrochanteric fracture,473298,449691,0.04396352161817781
91,103,Intertrochanteric fracture,21762,21762,0.0041816009557945
18562,106,Intertrochanteric fracture,581222,581222,0.03193616208608758
310,109,Intertrochanteric fracture,168488,168488,0.00183989364227719
18470,116,Intertrochanteric fracture,577646,577646,0.03197460036077459
18689,206,Intertrochanteric fracture,449691,449691,0.04155964873657689
298,209,Intertrochanteric fracture,168428,168428,0.00176930201629182
89,215,Intertrochanteric fracture,439,439,0.20273348519362183
3512,302,Intertrochanteric fracture,265252,255328,0.01375485649830805
91,315,Intertrochanteric fracture,439,439,0.2072892938496583
19667,318,Intertrochanteric fracture,NA,NA,NA
19,402,Intertrochanteric fracture,319855,319855,5.940191649341108e-5
47,408,Intertrochanteric fracture,346181,346181,1.3576712760087932e-4
56,411,Intertrochanteric fracture,216553,216553,2.5859720253240546e-4
57,418,Intertrochanteric fracture,NA,NA,NA
2844,1,Subtrochanteric fracture of femur,581222,581222,0.00489313893830584
4,4,Subtrochanteric fracture of femur,349064,349064,1.1459216647949946e-5
2835,104,Subtrochanteric fracture of femur,559460,559460,0.00506738640832231
2401,107,Subtrochanteric fracture of femur,72356,72356,0.03318314998065122
2811,110,Subtrochanteric fracture of femur,412734,412734,0.00681068194042652
163,113,Subtrochanteric fracture of femur,10031,6800,0.02397058823529412
9,203,Subtrochanteric fracture of femur,21762,21762,4.135649296939619e-4
2831,210,Subtrochanteric fracture of femur,281263,281263,0.01006531253666497
164,213,Subtrochanteric fracture of femur,1305,872,0.18807339449541283
2776,216,Subtrochanteric fracture of femur,449252,449252,0.00617916002599877
7,303,Subtrochanteric fracture of femur,21762,21762,3.2166161198419265e-4
2966,306,Subtrochanteric fracture of femur,473298,449691,0.006595640117325
21,309,Subtrochanteric fracture of femur,168428,168428,1.246823568527798e-4
2881,316,Subtrochanteric fracture of femur,472715,449252,0.00641288185695333
4,406,Subtrochanteric fracture of femur,349064,349064,1.1459216647949946e-5
3,409,Subtrochanteric fracture of femur,167144,167144,1.7948595223280523e-5
150,3,Fracture of proximal end of femur,473298,449691,3.335623795005904e-4
145,106,Fracture of proximal end of femur,581222,581222,2.494743832821194e-4
26,109,Fracture of proximal end of femur,168488,168488,1.5431366032002278e-4
74,202,Fracture of proximal end of femur,255328,255328,2.89823286126081e-4
146,218,Fracture of proximal end of femur,NA,NA,NA
74,302,Fracture of proximal end of femur,265252,255328,2.89823286126081e-4
122,308,Fracture of proximal end of femur,395403,377335,3.233201266778857e-4
146,311,Fracture of proximal end of femur,449691,449691,3.24667382713908e-4
149,318,Fracture of proximal end of femur,NA,NA,NA
17842,3,Fracture of neck of femur,473298,449691,0.03967613316699689
316255,102,Fracture of neck of femur,386859,386859,0.817494229163597
164945,109,Fracture of neck of femur,168488,168488,0.9789717962110062
131307,112,Fracture of neck of femur,131311,131311,0.9999695379671162
3303,115,Fracture of neck of femur,3576,3576,0.9236577181208052
14712,202,Fracture of neck of femur,255328,255328,0.05762000250657977
16834,208,Fracture of neck of femur,377335,377335,0.04461287715160268
94,215,Fracture of neck of femur,439,439,0.214123006833713
16862,218,Fracture of neck of femur,NA,NA,NA
17627,308,Fracture of neck of femur,395403,377335,0.04671445797500894
16990,311,Fracture of neck of femur,449691,449691,0.03778149885143354
17710,318,Fracture of neck of femur,NA,NA,NA
29167,401,Fracture of neck of femur,29209,29209,0.9985620870279708
328411,404,Fracture of neck of femur,328469,328469,0.9998234232149762
346131,408,Fracture of neck of femur,346181,346181,0.999855566885531
216492,411,Fracture of neck of femur,216553,216553,0.9997183137615272
342677,414,Fracture of neck of femur,688806,346071,0.9901927639126076
2990,417,Fracture of neck of femur,NA,NA,NA
18689,2,Intertrochanteric fracture,449691,449691,0.04155964873657689
3388,102,Intertrochanteric fracture,386859,386859,0.00875771275839517
4,112,Intertrochanteric fracture,131311,131311,3.04620328837645e-5
92,115,Intertrochanteric fracture,3576,3576,0.02572706935123042
18462,118,Intertrochanteric fracture,NA,NA,NA
3397,202,Intertrochanteric fracture,255328,255328,0.01330445544554455
15304,208,Intertrochanteric fracture,377335,377335,0.04055812474326527
18689,211,Intertrochanteric fracture,449691,449691,0.04155964873657689
18592,218,Intertrochanteric fracture,NA,NA,NA
15439,301,Intertrochanteric fracture,194363,194363,0.07943384286103837
16100,308,Intertrochanteric fracture,395403,377335,0.04266765606158983
18689,311,Intertrochanteric fracture,449691,449691,0.04155964873657689
19576,314,Intertrochanteric fracture,944875,449258,0.04357407102377698
100,317,Intertrochanteric fracture,NA,NA,NA
41,401,Intertrochanteric fracture,29209,29209,0.00140367694888561
54,404,Intertrochanteric fracture,328469,328469,1.643990757118632e-4
13,407,Intertrochanteric fracture,2883,2883,0.00450919181408255
54,414,Intertrochanteric fracture,688806,346071,1.5603734493788846e-4
3,417,Intertrochanteric fracture,NA,NA,NA
2966,3,Subtrochanteric fracture of femur,473298,449691,0.006595640117325
9,103,Subtrochanteric fracture of femur,21762,21762,4.135649296939619e-4
2844,106,Subtrochanteric fracture of femur,581222,581222,0.00489313893830584
33,109,Subtrochanteric fracture of femur,168488,168488,1.9585964579079817e-4
2759,116,Subtrochanteric fracture of femur,577646,577646,0.00477628166731873
2861,206,Subtrochanteric fracture of femur,449691,449691,0.00636214645167459
30,209,Subtrochanteric fracture of femur,168428,168428,1.781176526468283e-4
85,215,Subtrochanteric fracture of femur,439,439,0.19362186788154895
2461,302,Subtrochanteric fracture of femur,265252,255328,0.00963858252913899
85,315,Subtrochanteric fracture of femur,439,439,0.19362186788154895
2887,318,Subtrochanteric fracture of femur,NA,NA,NA
3,402,Subtrochanteric fracture of femur,319855,319855,9.379249972643856e-6
3,408,Subtrochanteric fracture of femur,346181,346181,8.665986868141232e-6
5,411,Subtrochanteric fracture of femur,216553,216553,2.3089035940393343e-5
4,418,Subtrochanteric fracture of femur,NA,NA,NA
146,2,Fracture of proximal end of femur,449691,449691,3.24667382713908e-4
74,102,Fracture of proximal end of femur,386859,386859,1.9128416296376716e-4
118,108,Fracture of proximal end of femur,508866,508866,2.3188815916174395e-4
145,111,Fracture of proximal end of femur,449911,449911,3.222859632238376e-4
145,118,Fracture of proximal end of femur,NA,NA,NA
72,201,Fracture of proximal end of femur,194363,194363,3.70440876092672e-4
119,208,Fracture of proximal end of femur,377335,377335,3.15369631759577e-4
146,211,Fracture of proximal end of femur,449691,449691,3.24667382713908e-4
146,214,Fracture of proximal end of femur,898077,449258,3.249803008516265e-4
70,301,Fracture of proximal end of femur,194363,194363,3.601508517567644e-4
128,304,Fracture of proximal end of femur,450075,427929,2.9911504011179423e-4
27,307,Fracture of proximal end of femur,72356,72356,3.731549560506385e-4
149,314,Fracture of proximal end of femur,944875,449258,3.3165797826638593e-4
16990,2,Fracture of neck of femur,449691,449691,0.03778149885143354
341995,108,Fracture of neck of femur,508866,508866,0.6720728050213612
213515,111,Fracture of neck of femur,449911,449911,0.4745716375016392
338550,114,Fracture of neck of femur,1152413,577991,0.5857357640516894
341847,118,Fracture of neck of femur,NA,NA,NA
2278,201,Fracture of neck of femur,194363,194363,0.0117203377185987
15224,204,Fracture of neck of femur,427929,427929,0.03557599508329653
16990,211,Fracture of neck of femur,449691,449691,0.03778149885143354
16768,214,Fracture of neck of femur,898077,449258,0.03732376496356214
128,217,Fracture of neck of femur,NA,NA,NA
2206,301,Fracture of neck of femur,194363,194363,0.01134989684250603
16010,304,Fracture of neck of femur,450075,427929,0.03741274837648301
115,307,Fracture of neck of femur,72356,72356,0.00158936370169716
17610,314,Fracture of neck of femur,944875,449258,0.03919796642463796
131,317,Fracture of neck of femur,NA,NA,NA
2869,407,Fracture of neck of femur,2883,2883,0.9951439472771418
181881,410,Fracture of neck of femur,181920,181920,0.9997856200527704
6322,413,Fracture of neck of femur,9322,6329,0.9988939800916417
15174,101,Intertrochanteric fracture,194363,194363,0.07807041463653061
15190,108,Intertrochanteric fracture,508866,508866,0.02985068760734653
18558,111,Intertrochanteric fracture,449911,449911,0.04124815796902054
18371,114,Intertrochanteric fracture,1152413,577991,0.03178423193440728
100,117,Intertrochanteric fracture,NA,NA,NA
15292,201,Intertrochanteric fracture,194363,194363,0.07867752607234917
18602,204,Intertrochanteric fracture,427929,427929,0.04346982793874685
3385,207,Intertrochanteric fracture,72356,72356,0.04678257504560783
18503,214,Intertrochanteric fracture,898077,449258,0.04118568840176469
97,217,Intertrochanteric fracture,NA,NA,NA
19651,304,Intertrochanteric fracture,450075,427929,0.04592116916591304
3408,307,Intertrochanteric fracture,72356,72356,0.04710044778594726
19223,310,Intertrochanteric fracture,292401,281263,0.06834528537347608
190,313,Intertrochanteric fracture,1305,872,0.21788990825688073
7,403,Intertrochanteric fracture,20595,20595,3.3988832240835153e-4
38,410,Intertrochanteric fracture,181920,181920,2.088830255057168e-4
7,413,Intertrochanteric fracture,9322,6329,0.00110601990835835
54,416,Intertrochanteric fracture,345721,345721,1.56195313562092e-4
2399,102,Subtrochanteric fracture of femur,386859,386859,0.00620122576959564
85,115,Subtrochanteric fracture of femur,3576,3576,0.02376957494407159
2766,118,Subtrochanteric fracture of femur,NA,NA,NA
2416,202,Subtrochanteric fracture of femur,255328,255328,0.00946233863892718
441,208,Subtrochanteric fracture of femur,377335,377335,0.00116872275299137
2861,211,Subtrochanteric fracture of femur,449691,449691,0.00636214645167459
2782,218,Subtrochanteric fracture of femur,NA,NA,NA
431,301,Subtrochanteric fracture of femur,194363,194363,0.00221750024438807
461,308,Subtrochanteric fracture of femur,395403,377335,0.00122172605244676
2861,311,Subtrochanteric fracture of femur,449691,449691,0.00636214645167459
2802,314,Subtrochanteric fracture of femur,944875,449258,0.00623695070538532
1,401,Subtrochanteric fracture of femur,29209,29209,3.4236023143551646e-5
4,404,Subtrochanteric fracture of femur,328469,328469,1.2177709311989868e-5
1,407,Subtrochanteric fracture of femur,2883,2883,3.46860908775581e-4
4,414,Subtrochanteric fracture of femur,688806,346071,1.1558321847250995e-5
145,1,Fracture of proximal end of femur,581222,581222,2.494743832821194e-4
71,101,Fracture of proximal end of femur,194363,194363,3.652958639247182e-4
123,104,Fracture of proximal end of femur,559460,559460,2.198548600436135e-4
27,107,Fracture of proximal end of femur,72356,72356,3.731549560506385e-4
145,114,Fracture of proximal end of femur,1152413,577991,2.508689581671687e-4
124,204,Fracture of proximal end of femur,427929,427929,2.897676951083007e-4
27,207,Fracture of proximal end of femur,72356,72356,3.731549560506385e-4
120,210,Fracture of proximal end of femur,281263,281263,4.2664694609671376e-4
22,303,Fracture of proximal end of femur,21762,21762,0.00101093649480746
122,310,Fracture of proximal end of femur,292401,281263,4.33757728531659e-4
1,313,Fracture of proximal end of femur,1305,872,0.00114678899082568
150,316,Fracture of proximal end of femur,472715,449252,3.338883299350921e-4
344823,1,Fracture of neck of femur,581222,581222,0.5932724501137259
349000,4,Fracture of neck of femur,349064,349064,0.9998166525336328
28567,101,Fracture of neck of femur,194363,194363,0.14697756260193556
324384,104,Fracture of neck of femur,559460,559460,0.5798162513852644
2826,107,Fracture of neck of femur,72356,72356,0.03905688539996683
179877,110,Fracture of neck of femur,412734,412734,0.4358182267513701
2975,117,Fracture of neck of femur,NA,NA,NA
156,207,Fracture of neck of femur,72356,72356,0.00215600641273702
3920,210,Fracture of neck of femur,281263,281263,0.01393713357249265
222,213,Fracture of neck of femur,1305,872,0.2545871559633027
1763,303,Fracture of neck of femur,21762,21762,0.08101277456116165
17842,306,Fracture of neck of femur,473298,449691,0.03967613316699689
3996,310,Fracture of neck of femur,292401,281263,0.01420734330502056
229,313,Fracture of neck of femur,1305,872,0.2626146788990826
17742,316,Fracture of neck of femur,472715,449252,0.03949231166472269
20588,403,Fracture of neck of femur,20595,20595,0.9996601116775916
349000,406,Fracture of neck of femur,349064,349064,0.9998166525336328
167119,409,Fracture of neck of femur,167144,167144,0.9998504283731392
345663,416,Fracture of neck of femur,345721,345721,0.99983223466321125
18561,1,Intertrochanteric fracture,581222,581222,0.03193444157309944
60,4,Intertrochanteric fracture,349064,349064,1.718882497192492e-4
18471,104,Intertrochanteric fracture,559460,559460,0.03301576520215922
3372,107,Intertrochanteric fracture,72356,72356,0.04660290784454641
18252,110,Intertrochanteric fracture,412734,412734,0.04422218668682493
192,113,Intertrochanteric fracture,10031,6800,0.02823529411764706
87,203,Intertrochanteric fracture,21762,21762,0.00399779432037496
18391,210,Intertrochanteric fracture,281263,281263,0.06538719988053886
186,213,Intertrochanteric fracture,1305,872,0.213302752293578
18600,216,Intertrochanteric fracture,449252,449252,0.04140215291195142
82,303,Intertrochanteric fracture,21762,21762,0.00376803602610054
19770,306,Intertrochanteric fracture,473298,449691,0.04396352161817781
215,309,Intertrochanteric fracture,168428,168428,0.00127650984396893
19679,316,Intertrochanteric fracture,472715,449252,0.04380392296528451
60,406,Intertrochanteric fracture,349064,349064,1.718882497192492e-4
22,409,Intertrochanteric fracture,167144,167144,1.3162303163739053e-4
4,412,Intertrochanteric fracture,132511,132511,3.018617322335504e-5
4,415,Intertrochanteric fracture,3343,3343,0.00119653006281782
2861,2,Subtrochanteric fracture of femur,449691,449691,0.00636214645167459
445,101,Subtrochanteric fracture of femur,194363,194363,0.00228953041473943
444,108,Subtrochanteric fracture of femur,508866,508866,8.725283276933417e-4
2844,111,Subtrochanteric fracture of femur,449911,449911,0.00632125020281789
2681,114,Subtrochanteric fracture of femur,1152413,577991,0.00463848052997365
78,117,Subtrochanteric fracture of femur,NA,NA,NA
445,201,Subtrochanteric fracture of femur,194363,194363,0.00228953041473943
2852,204,Subtrochanteric fracture of femur,427929,427929,0.00666465698749091
2420,207,Subtrochanteric fracture of femur,72356,72356,0.03344574050527945
2697,214,Subtrochanteric fracture of femur,898077,449258,0.00600323199586874
79,217,Subtrochanteric fracture of femur,NA,NA,NA
2954,304,Subtrochanteric fracture of femur,450075,427929,0.00690301428508
2444,307,Subtrochanteric fracture of femur,72356,72356,0.03377743379954669
2913,310,Subtrochanteric fracture of femur,292401,281263,0.01035685461649772
164,313,Subtrochanteric fracture of femur,1305,872,0.18807339449541283
79,317,Subtrochanteric fracture of femur,NA,NA,NA
1,410,Subtrochanteric fracture of femur,181920,181920,5.496921723834653e-6
4,416,Subtrochanteric fracture of femur,345721,345721,1.1570023226821627e-5
22,103,Fracture of proximal end of femur,21762,21762,0.00101093649480746
119,110,Fracture of proximal end of femur,412734,412734,2.883212916793867e-4
145,116,Fracture of proximal end of femur,577646,577646,2.5101879005480867e-4
22,203,Fracture of proximal end of femur,21762,21762,0.00101093649480746
146,206,Fracture of proximal end of femur,449691,449691,3.24667382713908e-4
26,209,Fracture of proximal end of femur,168428,168428,1.5436863229391788e-4
146,216,Fracture of proximal end of femur,449252,449252,3.24984641136823e-4
150,306,Fracture of proximal end of femur,473298,449691,3.335623795005904e-4
23,309,Fracture of proximal end of femur,168428,168428,1.3655686702923503e-4
525,2,Immobile,449691,449691,0.00116746832825206
5443,108,Immobile,508866,508866,0.01069633262980824
3191,111,Immobile,449911,449911,0.00709251385273976
5338,114,Immobile,1152413,577991,0.00923543792204376
261,201,Immobile,194363,194363,0.00134284817583593
505,204,Immobile,427929,427929,0.00118010230669106
525,211,Immobile,449691,449691,0.00116746832825206
513,214,Immobile,898077,449258,0.00114188283792386
8,217,Immobile,NA,NA,NA
267,301,Immobile,194363,194363,0.00137371824884365
557,304,Immobile,450075,427929,0.00130161779173647
94,307,Immobile,72356,72356,0.00129913206921333
411,310,Immobile,292401,281263,0.00146126579038124
8,317,Immobile,NA,NA,NA
34,407,Immobile,2883,2883,0.01179327089836975
3250,410,Immobile,181920,181920,0.01786499560246262
215,413,Immobile,9322,6329,0.03397061147100647
12381,3,Fully mobile,473298,449691,0.02753223880397873
123302,102,Fully mobile,386859,386859,0.31872594407781646
49822,109,Fully mobile,168488,168488,0.29570058401785293
60425,112,Fully mobile,131311,131311,0.46016708425036745
1106,115,Fully mobile,3576,3576,0.3092841163310962
139057,118,Fully mobile,NA,NA,NA
6476,202,Fully mobile,255328,255328,0.02536345406692568
10218,208,Fully mobile,377335,377335,0.02707938569175931
75,215,Fully mobile,439,439,0.17084282460136674
12035,218,Fully mobile,NA,NA,NA
10404,308,Fully mobile,395403,377335,0.02757231637669445
12142,311,Fully mobile,449691,449691,0.02700076274597445
12197,314,Fully mobile,944875,449258,0.02714921047594033
12198,401,Fully mobile,29209,29209,0.41761101030504294
122755,404,Fully mobile,328469,328469,0.3737186766483291
73498,411,Fully mobile,216553,216553,0.339399592709406
132094,414,Fully mobile,688806,346071,0.3816962415226933
964,417,Fully mobile,NA,NA,NA
51652,102,Able to mobilize indoors,386859,386859,0.1335163457487095
30784,109,Able to mobilize indoors,168488,168488,0.18270737381890695
17940,112,Able to mobilize indoors,131311,131311,0.13662221748368378
367,115,Able to mobilize indoors,3576,3576,0.10262863534675616
58408,118,Able to mobilize indoors,NA,NA,NA
4024,202,Able to mobilize indoors,255328,255328,0.01576012031582905
6551,208,Able to mobilize indoors,377335,377335,0.01736123073661335
41,215,Able to mobilize indoors,439,439,0.09339407744874716
7563,218,Able to mobilize indoors,NA,NA,NA
7041,308,Able to mobilize indoors,395403,377335,0.01865981157327043
7616,311,Able to mobilize indoors,449691,449691,0.01693607388184331
8142,314,Able to mobilize indoors,944875,449258,0.01812321650365714
4282,401,Able to mobilize indoors,29209,29209,0.14659865110068815
53559,404,Able to mobilize indoors,328469,328469,0.16305648326021635
37648,411,Able to mobilize indoors,216553,216553,0.17385120501678572
54960,414,Able to mobilize indoors,688806,346071,0.15881134218122872
551,417,Able to mobilize indoors,NA,NA,NA
32337,102,Unable to mobilize outside,386859,386859,0.08358859429404512
11361,112,Unable to mobilize outside,131311,131311,0.08651978889811211
445,115,Unable to mobilize outside,3576,3576,0.12444071588366892
36406,118,Unable to mobilize outside,NA,NA,NA
2545,202,Unable to mobilize outside,255328,255328,0.00996757112420102
4140,208,Unable to mobilize outside,377335,377335,0.01097168298726595
4876,211,Unable to mobilize outside,449691,449691,0.01084300108296586
28,215,Unable to mobilize outside,439,439,0.06378132118451026
4829,218,Unable to mobilize outside,NA,NA,NA
2357,301,Unable to mobilize outside,194363,194363,0.01212679367986705
4414,308,Unable to mobilize outside,395403,377335,0.01169782818980481
4884,311,Unable to mobilize outside,449691,449691,0.01086079107653922
5119,314,Unable to mobilize outside,944875,449258,0.0113943435620512
2495,401,Unable to mobilize outside,29209,29209,0.08541887774316136
33156,404,Unable to mobilize outside,328469,328469,0.100941032487084
187,407,Unable to mobilize outside,2883,2883,0.06486298994103365
23054,411,Unable to mobilize outside,216553,216553,0.10645892691396563
33752,414,Unable to mobilize outside,688806,346071,0.09752911974710392
408,417,Unable to mobilize outside,NA,NA,NA
100703,1,Able to mobilize using mobility aids,581222,581222,0.173260819445926
96075,4,Able to mobilize using mobility aids,349064,349064,0.27523605986294775
11869,101,Able to mobilize using mobility aids,194363,194363,0.06106614942144338
96501,104,Able to mobilize using mobility aids,559460,559460,0.1724895434883638
2661,107,Able to mobilize using mobility aids,72356,72356,0.03677649400187959
48485,110,Able to mobilize using mobility aids,412734,412734,0.1174727548493703
98739,114,Able to mobilize using mobility aids,1152413,577991,0.170831379727366
684,117,Able to mobilize using mobility aids,NA,NA,NA
1830,207,Able to mobilize using mobility aids,72356,72356,0.02529161368787661
6810,210,Able to mobilize using mobility aids,281263,281263,0.0242122141909885
160,213,Able to mobilize using mobility aids,1305,872,0.1834862385321101
327,303,Able to mobilize using mobility aids,21762,21762,0.01502619244554728
11427,306,Able to mobilize using mobility aids,473298,449691,0.02541078207035498
7104,310,Able to mobilize using mobility aids,292401,281263,0.02525749920892545
162,313,Able to mobilize using mobility aids,1305,872,0.18577981651376144
11335,316,Able to mobilize using mobility aids,472715,449252,0.02523082813209512
4209,403,Able to mobilize using mobility aids,20595,20595,0.2043699927166788
96046,406,Able to mobilize using mobility aids,349064,349064,0.2751529805422501
52903,409,Able to mobilize using mobility aids,167144,167144,0.3165115110324032
94816,416,Able to mobilize using mobility aids,345721,345721,0.2742558305685799
1176,2,Able to mobilize outside,449691,449691,0.00261512905528462
1328,101,Able to mobilize outside,194363,194363,0.00683257615904261
11007,108,Able to mobilize outside,508866,508866,0.02163044888045183
7823,111,Able to mobilize outside,449911,449911,0.01738788338137987
11170,114,Able to mobilize outside,1152413,577991,0.01932556043260189
79,117,Able to mobilize outside,NA,NA,NA
528,201,Able to mobilize outside,194363,194363,0.00271656642467959
1145,204,Able to mobilize outside,427929,427929,0.00267567750725003
215,207,Able to mobilize outside,72356,72356,0.0029714190944773
1146,214,Able to mobilize outside,898077,449258,0.0025508727724381
10,217,Able to mobilize outside,NA,NA,NA
1286,304,Able to mobilize outside,450075,427929,0.00300517141862318
215,307,Able to mobilize outside,72356,72356,0.0029714190944773
795,310,Able to mobilize outside,292401,281263,0.00282653601789072
27,313,Able to mobilize outside,1305,872,0.03096330275229358
10,317,Able to mobilize outside,NA,NA,NA
440,403,Able to mobilize outside,20595,20595,0.02136440883709638
4874,410,Able to mobilize outside,181920,181920,0.02679199648197009
181,413,Able to mobilize outside,9322,6329,0.02859851477326592
10894,416,Able to mobilize outside,345721,345721,0.0315109582582487
5560,1,Immobile,581222,581222,0.00956605221412816
5357,4,Immobile,349064,349064,0.01534675589576696
648,101,Immobile,194363,194363,0.00333396788483404
5269,104,Immobile,559460,559460,0.00941801022414471
117,107,Immobile,72356,72356,0.00161700480955276
3516,110,Immobile,412734,412734,0.00851880387852709
130,117,Immobile,NA,NA,NA
93,207,Immobile,72356,72356,0.00128531151528553
378,210,Immobile,281263,281263,0.00134393788020464
12,213,Immobile,1305,872,0.01376146788990825
521,216,Immobile,449252,449252,0.00115970546597455
18,303,Immobile,21762,21762,8.271298593879239e-4
577,306,Immobile,473298,449691,0.00128310328647893
12,313,Immobile,1305,872,0.01376146788990825
573,316,Immobile,472715,449252,0.00127545342035205
290,403,Immobile,20595,20595,0.0140810876426317
5357,406,Immobile,349064,349064,0.01534675589576696
2107,409,Immobile,167144,167144,0.01260589671181735
2407,412,Immobile,132511,132511,0.01816452973715389
5268,416,Immobile,345721,345721,0.01523772058972408
11382,103,Fully mobile,21762,21762,0.5230217810862973
140080,106,Fully mobile,581222,581222,0.24100945938040885
2125,113,Fully mobile,10031,6800,0.3125
138974,116,Fully mobile,577646,577646,0.24058679537294467
1177,203,Fully mobile,21762,21762,0.05408510247219925
12142,206,Fully mobile,449691,449691,0.02700076274597445
3608,209,Fully mobile,168428,168428,0.02142161635832521
6562,302,Fully mobile,265252,255328,0.02570027572377491
3580,309,Fully mobile,168428,168428,0.02125537321585484
75,315,Fully mobile,439,439,0.17084282460136674
12273,318,Fully mobile,NA,NA,NA
121916,402,Fully mobile,319855,319855,0.381160213221616
132981,408,Fully mobile,346181,346181,0.3841371999040964
1059,415,Fully mobile,3343,3343,0.31678133413102005
133150,418,Fully mobile,NA,NA,NA
8237,3,Able to mobilize indoors,473298,449691,0.01831702213297575
2264,103,Able to mobilize indoors,21762,21762,0.10403455564745888
59014,106,Able to mobilize indoors,581222,581222,0.10153435348283445
946,113,Able to mobilize indoors,10031,6800,0.13911764705882354
58629,116,Able to mobilize indoors,577646,577646,0.10149641822154051
172,203,Able to mobilize indoors,21762,21762,0.00790368532304016
7617,206,Able to mobilize indoors,449691,449691,0.01693829763103998
2939,209,Able to mobilize indoors,168428,168428,0.01744959270430094
4260,302,Able to mobilize indoors,265252,255328,0.01668442160671763
2959,309,Able to mobilize indoors,168428,168428,0.0175683378060655
43,315,Able to mobilize indoors,439,439,0.0979498861047836
8178,318,Able to mobilize indoors,NA,NA,NA
51594,402,Able to mobilize indoors,319855,319855,0.161304341029529
55500,408,Able to mobilize indoors,346181,346181,0.1603207570606128
339,415,Able to mobilize indoors,3343,3343,0.10140592282381096
55301,418,Able to mobilize indoors,NA,NA,NA
4873,2,Unable to mobilize outside,449691,449691,0.01083632983537584
4506,101,Unable to mobilize outside,194363,194363,0.02318342482879972
35918,108,Unable to mobilize outside,508866,508866,0.07058439746416542
25449,111,Unable to mobilize outside,449911,449911,0.0565645205385065
35953,114,Unable to mobilize outside,1152413,577991,0.06220339071023597
2338,201,Unable to mobilize outside,194363,194363,0.01202903844867593
4777,204,Unable to mobilize outside,427929,427929,0.01116306677042219
740,207,Unable to mobilize outside,72356,72356,0.01022720990657305
4807,214,Unable to mobilize outside,898077,449258,0.01069986511091622
50,217,Unable to mobilize outside,NA,NA,NA
5093,304,Unable to mobilize outside,450075,427929,0.01190150702569818
744,307,Unable to mobilize outside,72356,72356,0.01028249212228426
3288,310,Unable to mobilize outside,292401,281263,0.01169012632304995
53,317,Unable to mobilize outside,NA,NA,NA
1443,403,Unable to mobilize outside,20595,20595,0.07006554989075019
15417,410,Unable to mobilize outside,181920,181920,0.08474604221635884
845,413,Unable to mobilize outside,9322,6329,0.13351240322325802
34160,416,Unable to mobilize outside,345721,345721,0.0988079983570567
4187,103,Able to mobilize using mobility aids,21762,21762,0.19239959562540207
100636,106,Able to mobilize using mobility aids,581222,581222,0.17314554507571978
1972,113,Able to mobilize using mobility aids,10031,6800,0.29
99371,116,Able to mobilize using mobility aids,577646,577646,0.17202750473473372
329,203,Able to mobilize using mobility aids,21762,21762,0.01511809576325705
10807,206,Able to mobilize using mobility aids,449691,449691,0.0240320575684192
4003,209,Able to mobilize using mobility aids,168428,168428,0.02376683211817512
10708,216,Able to mobilize using mobility aids,449252,449252,0.02383517491296644
6198,302,Able to mobilize using mobility aids,265252,255328,0.02427465847850608
4002,309,Able to mobilize using mobility aids,168428,168428,0.02376089486308689
104,315,Able to mobilize using mobility aids,439,439,0.23690205011389523
88242,402,Able to mobilize using mobility aids,319855,319855,0.27588125869534635
31361,412,Able to mobilize using mobility aids,132511,132511,0.23666714461440935
1249,415,Able to mobilize using mobility aids,3343,3343,0.3736165121148669
95411,418,Able to mobilize using mobility aids,NA,NA,NA
10042,102,Able to mobilize outside,386859,386859,0.02595777789840743
3494,112,Able to mobilize outside,131311,131311,0.02660858572396829
121,115,Able to mobilize outside,3576,3576,0.03383668903803132
11330,118,Able to mobilize outside,NA,NA,NA
648,202,Able to mobilize outside,255328,255328,0.00253791201905
965,208,Able to mobilize outside,377335,377335,0.00255740919872262
1169,211,Able to mobilize outside,449691,449691,0.00259956281090793
1164,218,Able to mobilize outside,NA,NA,NA
521,301,Able to mobilize outside,194363,194363,0.00268055133950391
1074,308,Able to mobilize outside,395403,377335,0.0028462771807545
1163,311,Able to mobilize outside,449691,449691,0.00258622031572791
1286,314,Able to mobilize outside,944875,449258,0.00286249771846021
921,401,Able to mobilize outside,29209,29209,0.03153137731521106
10541,404,Able to mobilize outside,328469,328469,0.0320913084644213
163,407,Able to mobilize outside,2883,2883,0.0565383281304197
10803,414,Able to mobilize outside,688806,346071,0.03121613772896313
76,417,Able to mobilize outside,NA,NA,NA
291,103,Immobile,21762,21762,0.01337193272677143
5560,106,Immobile,581222,581222,0.00956605221412816
222,113,Immobile,10031,6800,0.03264705882352941
5468,116,Immobile,577646,577646,0.0094660051311703
20,203,Immobile,21762,21762,9.190331770976932e-4
525,206,Immobile,449691,449691,0.00116746832825206
147,209,Immobile,168428,168428,8.727764979694588e-4
277,302,Immobile,265252,255328,0.001084879057526
149,309,Immobile,168428,168428,8.84651008145914e-4
4,315,Immobile,439,439,0.00911161731207289
4926,402,Immobile,319855,319855,0.01540072845508121
5323,408,Immobile,346181,346181,0.01537634936637192
89,415,Immobile,3343,3343,0.02662279389769668
5231,418,Immobile,NA,NA,NA
140080,1,Fully mobile,581222,581222,0.24100945938040885
134114,4,Fully mobile,349064,349064,0.38421034538078974
16778,101,Fully mobile,194363,194363,0.08632301415392847
128698,104,Fully mobile,559460,559460,0.23003968112108103
2982,107,Fully mobile,72356,72356,0.04121289181270385
90258,110,Fully mobile,412734,412734,0.21868321970082427
1022,117,Fully mobile,NA,NA,NA
1924,207,Fully mobile,72356,72356,0.02659074575708994
8534,210,Fully mobile,281263,281263,0.03034170864991129
181,213,Fully mobile,1305,872,0.20756880733944957
12067,216,Fully mobile,449252,449252,0.02686020318217837
1169,303,Fully mobile,21762,21762,0.05371748920136017
12381,306,Fully mobile,473298,449691,0.02753223880397873
183,313,Fully mobile,1305,872,0.2098623853211009
12305,316,Fully mobile,472715,449252,0.02738997266567539
11359,403,Fully mobile,20595,20595,0.551541636319495
134114,406,Fully mobile,349064,349064,0.38421034538078974
49976,409,Fully mobile,167144,167144,0.2989996649595558
60616,412,Fully mobile,132511,132511,0.45744126902672233
59000,1,Able to mobilize indoors,581222,581222,0.10151026630100032
55868,4,Able to mobilize indoors,349064,349064,0.1600508789219169
56743,104,Able to mobilize indoors,559460,559460,0.10142458799556715
1393,107,Able to mobilize indoors,72356,72356,0.01925203162142738
28252,110,Able to mobilize indoors,412734,412734,0.06845086665988263
584,117,Able to mobilize indoors,NA,NA,NA
1069,207,Able to mobilize indoors,72356,72356,0.01477417214881972
4674,210,Able to mobilize indoors,281263,281263,0.016617898550467
99,213,Able to mobilize indoors,1305,872,0.11353211009174312
7581,216,Able to mobilize indoors,449252,449252,0.01687471619491955
174,303,Able to mobilize indoors,21762,21762,0.00799558864074993
8231,306,Able to mobilize indoors,473298,449691,0.01830367963779573
103,313,Able to mobilize indoors,1305,872,0.11811926605504589
8190,316,Able to mobilize indoors,472715,449252,0.01823030281445603
2291,403,Able to mobilize indoors,20595,20595,0.11124059237679047
55866,406,Able to mobilize indoors,349064,349064,0.16004514931359293
31327,409,Able to mobilize indoors,167144,167144,0.18742521418656968
18244,412,Able to mobilize indoors,132511,132511,0.13767913607172236
36834,1,Unable to mobilize outside,581222,581222,0.06337337540561094
34580,4,Unable to mobilize outside,349064,349064,0.09906492792152728
35393,104,Unable to mobilize outside,559460,559460,0.06326278911807814
904,107,Unable to mobilize outside,72356,72356,0.01249378075073249
17955,110,Unable to mobilize outside,412734,412734,0.04350259489162511
884,113,Unable to mobilize outside,10031,6800,0.13
436,117,Unable to mobilize outside,NA,NA,NA
110,203,Unable to mobilize outside,21762,21762,0.00505468247403731
3139,210,Unable to mobilize outside,281263,281263,0.01116037303164653
78,213,Unable to mobilize outside,1305,872,0.08944954128440367
4850,216,Unable to mobilize outside,449252,449252,0.01079572266790131
110,303,Unable to mobilize outside,21762,21762,0.00505468247403731
5219,306,Unable to mobilize outside,473298,449691,0.01160574705742387
1749,309,Unable to mobilize outside,168428,168428,0.01038425914931009
82,313,Unable to mobilize outside,1305,872,0.09403669724770644
5187,316,Unable to mobilize outside,472715,449252,0.01154585844915548
34583,406,Unable to mobilize outside,349064,349064,0.09907352233401324
19124,409,Unable to mobilize outside,167144,167144,0.11441631168333892
11503,412,Unable to mobilize outside,132511,132511,0.08680788764706326
11430,3,Able to mobilize using mobility aids,473298,449691,0.02541745331794499
88844,102,Able to mobilize using mobility aids,386859,386859,0.2296547320858504
52268,109,Able to mobilize using mobility aids,168488,168488,0.3102179383694981
30955,112,Able to mobilize using mobility aids,131311,131311,0.2357380569792325
1292,115,Able to mobilize using mobility aids,3576,3576,0.36129753914988816
5958,202,Able to mobilize using mobility aids,255328,255328,0.02333469106404311
8973,208,Able to mobilize using mobility aids,377335,377335,0.02377993030066121
101,215,Able to mobilize using mobility aids,439,439,0.23006833712984057
10752,218,Able to mobilize using mobility aids,NA,NA,NA
9446,308,Able to mobilize using mobility aids,395403,377335,0.02503345833278121
10820,311,Able to mobilize using mobility aids,449691,449691,0.02406096630797592
11370,318,Able to mobilize using mobility aids,NA,NA,NA
7821,401,Able to mobilize using mobility aids,29209,29209,0.26775993700571743
91878,404,Able to mobilize using mobility aids,328469,328469,0.2797158940417513
95163,408,Able to mobilize using mobility aids,346181,346181,0.27489376944430804
64789,411,Able to mobilize using mobility aids,216553,216553,0.2991831099084289
94179,414,Able to mobilize using mobility aids,688806,346071,0.27213779831306295
655,417,Able to mobilize using mobility aids,NA,NA,NA
1315,3,Able to mobilize outside,473298,449691,0.00292423019362184
438,103,Able to mobilize outside,21762,21762,0.02012682657843948
11447,106,Able to mobilize outside,581222,581222,0.01969471217538221
5936,109,Able to mobilize outside,168488,168488,0.03523099567921751
11298,116,Able to mobilize outside,577646,577646,0.01955869165544295
1176,206,Able to mobilize outside,449691,449691,0.00261512905528462
446,209,Able to mobilize outside,168428,168428,0.00264801576934951
18,215,Able to mobilize outside,439,439,0.04100227790432802
719,302,Able to mobilize outside,265252,255328,0.0028159857124953
18,315,Able to mobilize outside,439,439,0.04100227790432802
1305,318,Able to mobilize outside,NA,NA,NA
10084,402,Able to mobilize outside,319855,319855,0.03152678557471354
10820,408,Able to mobilize outside,346181,346181,0.03125532597109604
7349,411,Able to mobilize outside,216553,216553,0.03393626502519013
108,415,Able to mobilize outside,3343,3343,0.03230631169608136
10926,418,Able to mobilize outside,NA,NA,NA
577,3,Immobile,473298,449691,0.00128310328647893
4912,102,Immobile,386859,386859,0.01269713254700032
2044,109,Immobile,168488,168488,0.0121314277574664
2369,112,Immobile,131311,131311,0.01804113897540952
92,115,Immobile,3576,3576,0.02572706935123042
5430,118,Immobile,NA,NA,NA
264,202,Immobile,255328,255328,0.00103396415590926
432,208,Immobile,377335,377335,0.00114487126823644
4,215,Immobile,439,439,0.00911161731207289
517,218,Immobile,NA,NA,NA
467,308,Immobile,395403,377335,0.00123762704228338
525,311,Immobile,449691,449691,0.00116746832825206
565,314,Immobile,944875,449258,0.00125762924644636
569,318,Immobile,NA,NA,NA
431,401,Immobile,29209,29209,0.01475572597487076
5067,404,Immobile,328469,328469,0.01542611327096316
2950,411,Immobile,216553,216553,0.01362253120483207
5142,414,Immobile,688806,346071,0.01485822273464115
126,417,Immobile,NA,NA,NA
12142,2,Fully mobile,449691,449691,0.02700076274597445
137097,108,Fully mobile,508866,508866,0.26941670302201365
79655,111,Fully mobile,449911,449911,0.1770461269006537
137955,114,Fully mobile,1152413,577991,0.23868018706173624
5666,201,Fully mobile,194363,194363,0.0291516389436261
10965,204,Fully mobile,427929,427929,0.02562340949082675
12142,211,Fully mobile,449691,449691,0.02700076274597445
11961,214,Fully mobile,898077,449258,0.02662389985264592
106,217,Fully mobile,NA,NA,NA
5641,301,Fully mobile,194363,194363,0.02902301363942725
11183,304,Fully mobile,450075,427929,0.02613283979351715
1903,307,Fully mobile,72356,72356,0.02630051412460611
8663,310,Fully mobile,292401,281263,0.03080035411696526
107,317,Fully mobile,NA,NA,NA
1133,407,Fully mobile,2883,2883,0.39299340964273327
84138,410,Fully mobile,181920,181920,0.4625
2020,413,Fully mobile,9322,6329,0.3191657449834097
133056,416,Fully mobile,345721,345721,0.3848652526169946
7627,2,Able to mobilize indoors,449691,449691,0.01696053512300668
7338,101,Able to mobilize indoors,194363,194363,0.03775409928844481
57617,108,Able to mobilize indoors,508866,508866,0.11322627174934068
41083,111,Able to mobilize indoors,449911,449911,0.0913136153594822
58050,114,Able to mobilize indoors,1152413,577991,0.1004340898041665
3593,201,Able to mobilize indoors,194363,194363,0.01848602871945792
7441,204,Able to mobilize indoors,427929,427929,0.01738839854274891
7624,211,Able to mobilize indoors,449691,449691,0.01695386387541667
7516,214,Able to mobilize indoors,898077,449258,0.016729807816444
58,217,Able to mobilize indoors,NA,NA,NA
3627,301,Able to mobilize indoors,194363,194363,0.01866095913316835
8035,304,Able to mobilize indoors,450075,427929,0.01877647927576771
1082,307,Able to mobilize indoors,72356,72356,0.01495383934988114
4973,310,Able to mobilize indoors,292401,281263,0.01768096052449131
58,317,Able to mobilize indoors,NA,NA,NA
360,407,Able to mobilize indoors,2883,2883,0.12486992715920917
24581,410,Able to mobilize indoors,181920,181920,0.1351198328935796
892,413,Able to mobilize indoors,9322,6329,0.1409385368936641
55509,416,Able to mobilize indoors,345721,345721,0.16056010482441044
5213,3,Unable to mobilize outside,473298,449691,0.01159240456224385
1433,103,Unable to mobilize outside,21762,21762,0.06584872713904973
36819,106,Unable to mobilize outside,581222,581222,0.06334756771078864
18842,109,Unable to mobilize outside,168488,168488,0.1118299226057642
36393,116,Unable to mobilize outside,577646,577646,0.06300225397561829
4883,206,Unable to mobilize outside,449691,449691,0.01085856732734255
1748,209,Unable to mobilize outside,168428,168428,0.01037832189422186
2672,302,Unable to mobilize outside,265252,255328,0.01046497054768768
30,315,Unable to mobilize outside,439,439,0.0683371298405467
5156,318,Unable to mobilize outside,NA,NA,NA
32078,402,Unable to mobilize outside,319855,319855,0.1002891935408232
34402,408,Unable to mobilize outside,346181,346181,0.0993757600792649
441,415,Unable to mobilize outside,3343,3343,0.13191743942566558
34189,418,Unable to mobilize outside,NA,NA,NA
10807,2,Able to mobilize using mobility aids,449691,449691,0.0240320575684192
98049,108,Able to mobilize using mobility aids,508866,508866,0.1926813738783884
69811,111,Able to mobilize using mobility aids,449911,449911,0.15516624399047813
99990,118,Able to mobilize using mobility aids,NA,NA,NA
4849,201,Able to mobilize using mobility aids,194363,194363,0.02494816400240786
10487,204,Able to mobilize using mobility aids,427929,427929,0.02450640176290926
10814,211,Able to mobilize using mobility aids,449691,449691,0.02404762381279589
10650,214,Able to mobilize using mobility aids,898077,449258,0.02370575482239604
58,217,Able to mobilize using mobility aids,NA,NA,NA
4877,301,Able to mobilize using mobility aids,194363,194363,0.02509222434311057
11070,304,Able to mobilize using mobility aids,450075,427929,0.02586877729716845
1841,307,Able to mobilize using mobility aids,72356,72356,0.02544363978108242
11267,314,Able to mobilize using mobility aids,944875,449258,0.0250791304773649
60,317,Able to mobilize using mobility aids,NA,NA,NA
922,407,Able to mobilize using mobility aids,2883,2883,0.3198057578910857
43246,410,Able to mobilize using mobility aids,181920,181920,0.23771987686895335
1905,413,Able to mobilize using mobility aids,9322,6329,0.3009954179175225
11379,1,Able to mobilize outside,581222,581222,0.01957771729218783
10994,4,Able to mobilize outside,349064,349064,0.03149565695689042
10957,104,Able to mobilize outside,559460,559460,0.01958495692274693
368,107,Able to mobilize outside,72356,72356,0.00508596384543092
5394,110,Able to mobilize outside,412734,412734,0.01306894997746732
202,113,Able to mobilize outside,10031,6800,0.02970588235294117
22,203,Able to mobilize outside,21762,21762,0.00101093649480746
724,210,Able to mobilize outside,281263,281263,0.00257410324145017
27,213,Able to mobilize outside,1305,872,0.03096330275229358
1156,216,Able to mobilize outside,449252,449252,0.00257316606269977
22,303,Able to mobilize outside,21762,21762,0.00101093649480746
1318,306,Able to mobilize outside,473298,449691,0.00293090144121185
457,309,Able to mobilize outside,168428,168428,0.00271332557532001
1288,316,Able to mobilize outside,472715,449252,0.00286698779304265
11022,406,Able to mobilize outside,349064,349064,0.03157587147342607
6045,409,Able to mobilize outside,167144,167144,0.03616641937491025
3569,412,Able to mobilize outside,132511,132511,0.02693361305853853
3056,1,Pathological fracture of proximal end of femur,581222,581222,0.00525788769179418
295,2,Pathological fracture of proximal end of femur,449691,449691,6.560060130178278e-4
306,3,Pathological fracture of proximal end of femur,473298,449691,6.804672541812044e-4
2901,4,Pathological fracture of proximal end of femur,349064,349064,0.00831079687392569
306,101,Pathological fracture of proximal end of femur,194363,194363,0.00157437372339385
2750,102,Pathological fracture of proximal end of femur,386859,386859,0.00710853308311296
159,103,Pathological fracture of proximal end of femur,21762,21762,0.00730631375792666
2897,104,Pathological fracture of proximal end of femur,559460,559460,0.00517820755728738
3056,106,Pathological fracture of proximal end of femur,581222,581222,0.00525788769179418
141,107,Pathological fracture of proximal end of femur,72356,72356,0.00194869810382
2915,108,Pathological fracture of proximal end of femur,508866,508866,0.00572842359285155
978,109,Pathological fracture of proximal end of femur,168488,168488,0.00580456768434547
2078,110,Pathological fracture of proximal end of femur,412734,412734,0.00503471969840139
1585,111,Pathological fracture of proximal end of femur,449911,449911,0.00352291897730884
1471,112,Pathological fracture of proximal end of femur,131311,131311,0.01120241259300439
3056,113,Pathological fracture of proximal end of femur,10031,6800,0.44941176470588234
5,115,Pathological fracture of proximal end of femur,3576,3576,0.00139821029082774
3051,116,Pathological fracture of proximal end of femur,577646,577646,0.00528178157556704
3056,117,Pathological fracture of proximal end of femur,NA,NA,NA
83,201,Pathological fracture of proximal end of femur,194363,194363,4.270360099401635e-4
212,202,Pathological fracture of proximal end of femur,255328,255328,8.30304549442286e-4
23,203,Pathological fracture of proximal end of femur,21762,21762,0.00105688815366234
272,204,Pathological fracture of proximal end of femur,427929,427929,6.356194602375628e-4
295,206,Pathological fracture of proximal end of femur,449691,449691,6.560060130178278e-4
105,207,Pathological fracture of proximal end of femur,72356,72356,0.00145115816241914
190,208,Pathological fracture of proximal end of femur,377335,377335,5.035313448262154e-4
87,209,Pathological fracture of proximal end of femur,168428,168428,5.165411926758021e-4
208,210,Pathological fracture of proximal end of femur,281263,281263,7.395213732343039e-4
295,211,Pathological fracture of proximal end of femur,449691,449691,6.560060130178278e-4
295,213,Pathological fracture of proximal end of femur,1305,872,0.338302752293578
295,216,Pathological fracture of proximal end of femur,449252,449252,6.566470488723478e-4
295,217,Pathological fracture of proximal end of femur,NA,NA,NA
86,301,Pathological fracture of proximal end of femur,194363,194363,4.424710464440248e-4
217,302,Pathological fracture of proximal end of femur,265252,255328,8.498872039102644e-4
21,303,Pathological fracture of proximal end of femur,21762,21762,9.64984835952578e-4
283,304,Pathological fracture of proximal end of femur,450075,427929,6.613246589971701e-4
306,306,Pathological fracture of proximal end of femur,473298,449691,6.804672541812044e-4
104,307,Pathological fracture of proximal end of femur,72356,72356,0.00143733760849134
199,308,Pathological fracture of proximal end of femur,395403,377335,5.273828295811415e-4
86,309,Pathological fracture of proximal end of femur,168428,168428,5.106039375875745e-4
213,310,Pathological fracture of proximal end of femur,292401,281263,7.572983293216669e-4
295,311,Pathological fracture of proximal end of femur,449691,449691,6.560060130178278e-4
302,313,Pathological fracture of proximal end of femur,1305,872,0.3463302752293578
306,316,Pathological fracture of proximal end of femur,472715,449252,6.811321930675879e-4
301,317,Pathological fracture of proximal end of femur,NA,NA,NA
245,401,Pathological fracture of proximal end of femur,29209,29209,0.00838782567017015
2656,402,Pathological fracture of proximal end of femur,319855,319855,0.00830376264244735
158,403,Pathological fracture of proximal end of femur,20595,20595,0.00767176499150279
2743,404,Pathological fracture of proximal end of femur,328469,328469,0.00835086416069705
2901,406,Pathological fracture of proximal end of femur,349064,349064,0.00831079687392569
37,407,Pathological fracture of proximal end of femur,2883,2883,0.01283385362469649
2864,408,Pathological fracture of proximal end of femur,346181,346181,0.00827312879678549
980,409,Pathological fracture of proximal end of femur,167144,167144,0.0058632077729383
1921,410,Pathological fracture of proximal end of femur,181920,181920,0.01055958663148636
1423,411,Pathological fracture of proximal end of femur,216553,216553,0.00657113962863594
1478,412,Pathological fracture of proximal end of femur,132511,132511,0.01115379100602968
2901,413,Pathological fracture of proximal end of femur,9322,6329,0.4583662505925107
5,415,Pathological fracture of proximal end of femur,3343,3343,0.00149566257852228
2896,416,Pathological fracture of proximal end of femur,345721,345721,0.00837669681621886
2901,417,Pathological fracture of proximal end of femur,NA,NA,NA
3361,1,Pathologic fracture of proximal femur at site of neoplasm,581222,581222,0.00578264415318071
262,2,Pathologic fracture of proximal femur at site of neoplasm,449691,449691,5.826222895276979e-4
270,3,Pathologic fracture of proximal femur at site of neoplasm,473298,449691,6.004122831010627e-4
3224,4,Pathologic fracture of proximal femur at site of neoplasm,349064,349064,0.00923612861824765
163,101,Pathologic fracture of proximal femur at site of neoplasm,194363,194363,8.386369833764657e-4
3198,102,Pathologic fracture of proximal femur at site of neoplasm,386859,386859,0.0082665777453801
58,103,Pathologic fracture of proximal femur at site of neoplasm,21762,21762,0.00266519621358331
3303,104,Pathologic fracture of proximal femur at site of neoplasm,559460,559460,0.00590390733921996
3361,106,Pathologic fracture of proximal femur at site of neoplasm,581222,581222,0.00578264415318071
200,107,Pathologic fracture of proximal femur at site of neoplasm,72356,72356,0.00276411078556028
3161,108,Pathologic fracture of proximal femur at site of neoplasm,508866,508866,0.00621185145008705
1425,109,Pathologic fracture of proximal femur at site of neoplasm,168488,168488,0.00845757561369355
1936,110,Pathologic fracture of proximal femur at site of neoplasm,412734,412734,0.00469067244278397
1864,111,Pathologic fracture of proximal femur at site of neoplasm,449911,449911,0.00414304162378781
1497,112,Pathologic fracture of proximal femur at site of neoplasm,131311,131311,0.01140041580674886
3361,113,Pathologic fracture of proximal femur at site of neoplasm,10031,6800,0.49426470588235294
3361,115,Pathologic fracture of proximal femur at site of neoplasm,3576,3576,0.9398769574944073
2,117,Pathologic fracture of proximal femur at site of neoplasm,NA,NA,NA
3359,118,Pathologic fracture of proximal femur at site of neoplasm,NA,NA,NA
49,201,Pathologic fracture of proximal femur at site of neoplasm,194363,194363,2.521055962297351e-4
213,202,Pathologic fracture of proximal femur at site of neoplasm,255328,255328,8.342210803358817e-4
6,203,Pathologic fracture of proximal femur at site of neoplasm,21762,21762,2.7570995312930797e-4
256,204,Pathologic fracture of proximal femur at site of neoplasm,427929,427929,5.982300802235885e-4
262,206,Pathologic fracture of proximal femur at site of neoplasm,449691,449691,5.826222895276979e-4
125,207,Pathologic fracture of proximal femur at site of neoplasm,72356,72356,0.00172756924097517
137,208,Pathologic fracture of proximal femur at site of neoplasm,377335,377335,3.6307260126942903e-4
79,209,Pathologic fracture of proximal femur at site of neoplasm,168428,168428,4.690431519699813e-4
183,210,Pathologic fracture of proximal femur at site of neoplasm,281263,281263,6.506365927974885e-4
262,211,Pathologic fracture of proximal femur at site of neoplasm,449691,449691,5.826222895276979e-4
262,213,Pathologic fracture of proximal femur at site of neoplasm,1305,872,0.30045871559633025
262,215,Pathologic fracture of proximal femur at site of neoplasm,439,439,0.5968109339407744
262,218,Pathologic fracture of proximal femur at site of neoplasm,NA,NA,NA
50,301,Pathologic fracture of proximal femur at site of neoplasm,194363,194363,2.572506083976889e-4
216,302,Pathologic fracture of proximal femur at site of neoplasm,265252,255328,8.459706730166688e-4
6,303,Pathologic fracture of proximal femur at site of neoplasm,21762,21762,2.7570995312930797e-4
264,304,Pathologic fracture of proximal femur at site of neoplasm,450075,427929,6.169247702305756e-4
270,306,Pathologic fracture of proximal femur at site of neoplasm,473298,449691,6.004122831010627e-4
124,307,Pathologic fracture of proximal femur at site of neoplasm,72356,72356,0.00171374868704737
144,308,Pathologic fracture of proximal femur at site of neoplasm,395403,377335,3.816237560788159e-4
79,309,Pathologic fracture of proximal femur at site of neoplasm,168428,168428,4.690431519699813e-4
188,310,Pathologic fracture of proximal femur at site of neoplasm,292401,281263,6.684135488848515e-4
262,311,Pathologic fracture of proximal femur at site of neoplasm,449691,449691,5.826222895276979e-4
266,313,Pathologic fracture of proximal femur at site of neoplasm,1305,872,0.30504587155963303
269,315,Pathologic fracture of proximal femur at site of neoplasm,439,439,0.6127562642369021
270,318,Pathologic fracture of proximal femur at site of neoplasm,NA,NA,NA
124,401,Pathologic fracture of proximal femur at site of neoplasm,29209,29209,0.0042452668698004
3100,402,Pathologic fracture of proximal femur at site of neoplasm,319855,319855,0.00969189163839865
58,403,Pathologic fracture of proximal femur at site of neoplasm,20595,20595,0.00281621752852634
3166,404,Pathologic fracture of proximal femur at site of neoplasm,328469,328469,0.00963865692043998
3224,406,Pathologic fracture of proximal femur at site of neoplasm,349064,349064,0.00923612861824765
77,407,Pathologic fracture of proximal femur at site of neoplasm,2883,2883,0.02670828997571973
3147,408,Pathologic fracture of proximal femur at site of neoplasm,346181,346181,0.00909062022468015
1438,409,Pathologic fracture of proximal femur at site of neoplasm,167144,167144,0.00860335997702579
1786,410,Pathologic fracture of proximal femur at site of neoplasm,181920,181920,0.00981750219876869
1715,411,Pathologic fracture of proximal femur at site of neoplasm,216553,216553,0.00791953932755491
1509,412,Pathologic fracture of proximal femur at site of neoplasm,132511,132511,0.01138773384851069
3224,413,Pathologic fracture of proximal femur at site of neoplasm,9322,6329,0.509401169221046
3224,415,Pathologic fracture of proximal femur at site of neoplasm,3343,3343,0.9644032306311696
2,417,Pathologic fracture of proximal femur at site of neoplasm,NA,NA,NA
3222,418,Pathologic fracture of proximal femur at site of neoplasm,NA,NA,NA
444,1,General Acute Care Hospital,581222,581222,7.639077667397311e-4
64,2,General Acute Care Hospital,449691,449691,1.423199485869186e-4
66,3,General Acute Care Hospital,473298,449691,1.4676744698025978e-4
410,4,General Acute Care Hospital,349064,349064,0.00117456970641486
63,101,General Acute Care Hospital,194363,194363,3.2413576658108797e-4
381,102,General Acute Care Hospital,386859,386859,9.848549471512876e-4
32,103,General Acute Care Hospital,21762,21762,0.0014704530833563
412,104,General Acute Care Hospital,559460,559460,7.364244092517785e-4
444,106,General Acute Care Hospital,581222,581222,7.639077667397311e-4
13,107,General Acute Care Hospital,72356,72356,1.7966720106141854e-4
431,108,General Acute Care Hospital,508866,508866,8.469813271077258e-4
182,109,General Acute Care Hospital,168488,168488,0.00108019562224015
262,110,General Acute Care Hospital,412734,412734,6.347914152941119e-4
279,111,General Acute Care Hospital,449911,449911,6.201226464789703e-4
165,112,General Acute Care Hospital,131311,131311,0.00125655885645528
21,113,General Acute Care Hospital,10031,6800,0.00308823529411764
423,114,General Acute Care Hospital,1152413,577991,7.318453055497404e-4
2,115,General Acute Care Hospital,3576,3576,5.592841163310962e-4
442,116,General Acute Care Hospital,577646,577646,7.651745186498305e-4
19,117,General Acute Care Hospital,NA,NA,NA
425,118,General Acute Care Hospital,NA,NA,NA
27,201,General Acute Care Hospital,194363,194363,1.3891532853475198e-4
37,202,General Acute Care Hospital,255328,255328,1.449116430630405e-4
2,203,General Acute Care Hospital,21762,21762,9.190331770976932e-5
62,204,General Acute Care Hospital,427929,427929,1.4488384755415037e-4
64,206,General Acute Care Hospital,449691,449691,1.423199485869186e-4
10,207,General Acute Care Hospital,72356,72356,1.3820553927801428e-4
54,208,General Acute Care Hospital,377335,377335,1.4310890852955598e-4
26,209,General Acute Care Hospital,168428,168428,1.5436863229391788e-4
38,210,General Acute Care Hospital,281263,281263,1.3510486626395937e-4
64,211,General Acute Care Hospital,449691,449691,1.423199485869186e-4
64,214,General Acute Care Hospital,898077,449258,1.424571181815349e-4
64,216,General Acute Care Hospital,449252,449252,1.4245902077230597e-4
64,218,General Acute Care Hospital,NA,NA,NA
28,301,General Acute Care Hospital,194363,194363,1.4406034070270577e-4
37,302,General Acute Care Hospital,265252,255328,1.449116430630405e-4
2,303,General Acute Care Hospital,21762,21762,9.190331770976932e-5
64,304,General Acute Care Hospital,450075,427929,1.4955752005589711e-4
66,306,General Acute Care Hospital,473298,449691,1.4676744698025978e-4
9,307,General Acute Care Hospital,72356,72356,1.2438498535021283e-4
55,308,General Acute Care Hospital,395403,377335,1.457590735023255e-4
26,309,General Acute Care Hospital,168428,168428,1.5436863229391788e-4
39,310,General Acute Care Hospital,292401,281263,1.3866025748143196e-4
64,311,General Acute Care Hospital,449691,449691,1.423199485869186e-4
66,314,General Acute Care Hospital,944875,449258,1.4690890312470784e-4
66,316,General Acute Care Hospital,472715,449252,1.4691086517144053e-4
66,318,General Acute Care Hospital,NA,NA,NA
38,401,General Acute Care Hospital,29209,29209,0.00130096887945496
372,402,General Acute Care Hospital,319855,319855,0.00116302699660783
32,403,General Acute Care Hospital,20595,20595,0.00155377518815246
378,404,General Acute Care Hospital,328469,328469,0.00115079352998304
410,406,General Acute Care Hospital,349064,349064,0.00117456970641486
4,407,General Acute Care Hospital,2883,2883,0.00138744363510232
406,408,General Acute Care Hospital,346181,346181,0.00117279688948844
181,409,General Acute Care Hospital,167144,167144,0.00108289857847125
229,410,General Acute Care Hospital,181920,181920,0.00125879507475813
244,411,General Acute Care Hospital,216553,216553,0.00112674495389119
166,412,General Acute Care Hospital,132511,132511,0.00125272618876923
21,413,General Acute Care Hospital,9322,6329,0.00331805972507505
389,414,General Acute Care Hospital,688806,346071,0.00112404679964515
2,415,General Acute Care Hospital,3343,3343,5.982650314089142e-4
408,416,General Acute Care Hospital,345721,345721,0.0011801423691358
19,417,General Acute Care Hospital,NA,NA,NA
391,418,General Acute Care Hospital,NA,NA,NA
525,2,No matching concept,449691,449691,0.00116746832825206
314,102,No matching concept,386859,386859,8.116652320354444e-4
477,108,No matching concept,508866,508866,9.37378406102982e-4
525,111,No matching concept,449911,449911,0.00116689745305182
586,118,No matching concept,NA,NA,NA
282,201,No matching concept,194363,194363,0.00145089343136296
406,208,No matching concept,377335,377335,0.0010759669789444301
525,211,No matching concept,449691,449691,0.00116746832825206
521,214,No matching concept,898077,449258,0.00115968997769655
2,217,No matching concept,NA,NA,NA
282,301,No matching concept,194363,194363,0.00145089343136296
824,304,No matching concept,450075,427929,0.00192555307071967
119,307,No matching concept,72356,72356,0.00164464591740836
890,314,No matching concept,944875,449258,0.00198104429971196
2,317,No matching concept,NA,NA,NA
405,404,No matching concept,328469,328469,0.00123299306783897
34,407,No matching concept,2883,2883,0.01179327089836975
195,410,No matching concept,181920,181920,0.00107189973614775
15,413,No matching concept,9322,6329,0.00237004266076789
5905,103,MALE,21762,21762,0.27134454553809395
167676,106,MALE,581222,581222,0.28848873580146656
2881,113,MALE,10031,6800,0.4236764705882353
165949,116,MALE,577646,577646,0.2872849461434858
5905,203,MALE,21762,21762,0.27134454553809395
128422,206,MALE,449691,449691,0.28557831933483213
49900,209,MALE,168428,168428,0.2962690289025578
128214,216,MALE,449252,449252,0.2853943888953193
76857,302,MALE,265252,255328,0.3010128148890838
49900,309,MALE,168428,168428,0.2962690289025578
208,315,MALE,439,439,0.47380410022779046
94719,402,MALE,319855,319855,0.2961310593862844
39435,412,MALE,132511,132511,0.2975979352657515
1615,415,MALE,3343,3343,0.4830990128626982
101779,418,MALE,NA,NA,NA
15820,103,FEMALE,21762,21762,0.7269552430842754
412950,106,FEMALE,581222,581222,0.7104858384575945
3902,113,FEMALE,10031,6800,0.5738235294117647
411108,116,FEMALE,577646,577646,0.7116953982196709
15820,203,FEMALE,21762,21762,0.7269552430842754
320744,206,FEMALE,449691,449691,0.7132542123369158
118280,209,FEMALE,168428,168428,0.70225853183556175
320515,216,FEMALE,449252,449252,0.713441453794307
188013,302,FEMALE,265252,255328,0.7363587228976062
338791,306,FEMALE,473298,449691,0.7533862140892301
118280,309,FEMALE,168428,168428,0.70225853183556175
229,315,FEMALE,439,439,0.5216400911161732
224809,402,FEMALE,319855,319855,0.7028466023666974
92982,412,FEMALE,132511,132511,0.7016926896634996
1722,415,FEMALE,3343,3343,0.5151061920430751
243861,418,FEMALE,NA,NA,NA
440,4,No matching concept,349064,349064,0.00126051383127449
37,103,No matching concept,21762,21762,0.00170021137763073
348,110,No matching concept,412734,412734,8.431580630624083e-4
17,113,No matching concept,10031,6800,0.0025
589,116,No matching concept,577646,577646,0.00101965563684332
37,203,No matching concept,21762,21762,0.00170021137763073
525,206,No matching concept,449691,449691,0.00116746832825206
248,209,No matching concept,168428,168428,0.00147243926188044
523,216,No matching concept,449252,449252,0.00116415731037368
899,306,No matching concept,473298,449691,0.00199915052780687
248,309,No matching concept,168428,168428,0.00147243926188044
2,315,No matching concept,439,439,0.00455580865603644
327,402,No matching concept,319855,319855,0.00102233824701818
94,412,No matching concept,132511,132511,7.093750707488435e-4
6,415,No matching concept,3343,3343,0.00179479509422674
431,418,No matching concept,NA,NA,NA
128422,2,MALE,449691,449691,0.28557831933483213
147697,108,MALE,508866,508866,0.2902473342687466
128487,111,MALE,449911,449911,0.2855831486671808
166521,118,MALE,NA,NA,NA
53861,201,MALE,194363,194363,0.2771155003781584
122517,204,MALE,427929,427929,0.28630216694825544
128422,211,MALE,449691,449691,0.28557831933483213
128088,214,MALE,898077,449258,0.28511011490056937
126,217,MALE,NA,NA,NA
53861,301,MALE,194363,194363,0.2771155003781584
127399,304,MALE,450075,427929,0.2977106015250193
19979,307,MALE,72356,72356,0.2761208469235447
133191,314,MALE,944875,449258,0.29646884418307523
126,317,MALE,NA,NA,NA
719,407,MALE,2883,2883,0.24939299340964272
53389,410,MALE,181920,181920,0.29347515391380824
2708,413,MALE,9322,6329,0.4278717016906304
320744,2,FEMALE,449691,449691,0.7132542123369158
360692,108,FEMALE,508866,508866,0.7088152873251504
320899,111,FEMALE,449911,449911,0.7132499538797673
410884,118,FEMALE,NA,NA,NA
140220,201,FEMALE,194363,194363,0.7214336061904787
304924,204,FEMALE,427929,427929,0.7125574569613183
320744,211,FEMALE,449691,449691,0.7132542123369158
320210,214,FEMALE,898077,449258,0.7127530283267076
305,217,FEMALE,NA,NA,NA
140220,301,FEMALE,194363,194363,0.7214336061904787
321852,304,FEMALE,450075,427929,0.7521154210161032
52258,307,FEMALE,72356,72356,0.7222345071590469
338065,314,FEMALE,944875,449258,0.7524963384068842
305,317,FEMALE,NA,NA,NA
230746,404,FEMALE,328469,328469,0.7024894282261035
2130,407,FEMALE,2883,2883,0.7388137356919875
128336,410,FEMALE,181920,181920,0.705452946350044
3606,413,FEMALE,9322,6329,0.5697582556486017
596,1,No matching concept,581222,581222,0.00102542574093891
282,101,No matching concept,194363,194363,0.00145089343136296
559,104,No matching concept,559460,559460,9.991777785721943e-4
119,107,No matching concept,72356,72356,0.00164464591740836
579,114,No matching concept,1152413,577991,0.00100174570192269
10,117,No matching concept,NA,NA,NA
488,204,No matching concept,427929,427929,0.00114037609042621
119,207,No matching concept,72356,72356,0.00164464591740836
277,210,No matching concept,281263,281263,9.848433672399145e-4
4,213,No matching concept,1305,872,0.00458715596330275
37,303,No matching concept,21762,21762,0.00170021137763073
448,310,No matching concept,292401,281263,0.00159281526542773
4,313,No matching concept,1305,872,0.00458715596330275
895,316,No matching concept,472715,449252,0.00199220036861271
35,403,No matching concept,20595,20595,0.00169944161204175
440,406,No matching concept,349064,349064,0.00126051383127449
245,409,No matching concept,167144,167144,0.00146580194323457
434,416,No matching concept,345721,345721,0.00125534752011014
167676,1,MALE,581222,581222,0.28848873580146656
102873,4,MALE,349064,349064,0.2947109985561387
53861,101,MALE,194363,194363,0.2771155003781584
161771,104,MALE,559460,559460,0.2891556143424016
19979,107,MALE,72356,72356,0.2761208469235447
117762,110,MALE,412734,412734,0.2853217810987222
164795,114,MALE,1152413,577991,0.2851168962838522
1155,117,MALE,NA,NA,NA
19979,207,MALE,72356,72356,0.2761208469235447
78522,210,MALE,281263,281263,0.27917642917838464
334,213,MALE,1305,872,0.3830275229357798
5905,303,MALE,21762,21762,0.27134454553809395
133608,306,MALE,473298,449691,0.2971106826687659
80933,310,MALE,292401,281263,0.2877484774037111
334,313,MALE,1305,872,0.3830275229357798
133349,316,MALE,472715,449252,0.2968244993900973
5555,403,MALE,20595,20595,0.2697256615683418
102873,406,MALE,349064,349064,0.2947109985561387
49484,409,MALE,167144,167144,0.2960560953429378
101258,416,MALE,345721,345721,0.2928893529753761
338791,3,FEMALE,473298,449691,0.7533862140892301
272730,102,FEMALE,386859,386859,0.7049855373663273
118326,109,FEMALE,168488,168488,0.7022814681164237
92051,112,FEMALE,131311,131311,0.7010151472458515
1842,115,FEMALE,3576,3576,0.5151006711409396
180524,202,FEMALE,255328,255328,0.7070278230354681
268486,208,FEMALE,377335,377335,0.7115321928790067
229,215,FEMALE,439,439,0.5216400911161732
320439,218,FEMALE,NA,NA,NA
282256,308,FEMALE,395403,377335,0.7480249645540434
320744,311,FEMALE,449691,449691,0.7132542123369158
338385,318,FEMALE,NA,NA,NA
20942,401,FEMALE,29209,29209,0.7169707966722586
243621,408,FEMALE,346181,346181,0.703738795601145
152769,411,FEMALE,216553,216553,0.7054577863155902
242145,414,FEMALE,688806,346071,0.6996974609256482
1890,417,FEMALE,NA,NA,NA
899,3,No matching concept,473298,449691,0.00199915052780687
596,106,No matching concept,581222,581222,0.00102542574093891
248,109,No matching concept,168488,168488,0.00147191491382175
71,112,No matching concept,131311,131311,5.407010836868198e-4
7,115,No matching concept,3576,3576,0.00195749440715883
243,202,No matching concept,255328,255328,9.517170071437524e-4
2,215,No matching concept,439,439,0.00455580865603644
523,218,No matching concept,NA,NA,NA
382,302,No matching concept,265252,255328,0.00149611480135355
677,308,No matching concept,395403,377335,0.00179416168656498
525,311,No matching concept,449691,449691,0.00116746832825206
894,318,No matching concept,NA,NA,NA
113,401,No matching concept,29209,29209,0.00386867061522133
406,408,No matching concept,346181,346181,0.00117279688948844
346,411,No matching concept,216553,216553,0.00159776128707521
425,414,No matching concept,688806,346071,0.00122807169627041
9,417,No matching concept,NA,NA,NA
133608,3,MALE,473298,449691,0.2971106826687659
113815,102,MALE,386859,386859,0.2942027974016373
49914,109,MALE,168488,168488,0.2962466169697545
39189,112,MALE,131311,131311,0.29844415167046173
1727,115,MALE,3576,3576,0.4829418344519016
74561,202,MALE,255328,255328,0.2920204599573881
108443,208,MALE,377335,377335,0.2873918401420488
208,215,MALE,439,439,0.47380410022779046
128296,218,MALE,NA,NA,NA
112470,308,MALE,395403,377335,0.2980640544873918
128422,311,MALE,449691,449691,0.28557831933483213
133450,318,MALE,NA,NA,NA
8154,401,MALE,29209,29209,0.2791605327125201
97318,404,MALE,328469,328469,0.2962775787060575
102154,408,MALE,346181,346181,0.2950884075093665
63438,411,MALE,216553,216553,0.2929444523973346
100165,414,MALE,688806,346071,0.289434826957474
1094,417,MALE,NA,NA,NA
412950,1,FEMALE,581222,581222,0.7104858384575945
245751,4,FEMALE,349064,349064,0.7040284876125869
140220,101,FEMALE,194363,194363,0.7214336061904787
397130,104,FEMALE,559460,559460,0.7098452078790262
52258,107,FEMALE,72356,72356,0.7222345071590469
294624,110,FEMALE,412734,412734,0.7138350608382155
409048,114,FEMALE,1152413,577991,0.7077065213818208
2066,117,FEMALE,NA,NA,NA
52258,207,FEMALE,72356,72356,0.7222345071590469
202464,210,FEMALE,281263,281263,0.7198387274543755
534,213,FEMALE,1305,872,0.6123853211009175
15820,303,FEMALE,21762,21762,0.7269552430842754
211020,310,FEMALE,292401,281263,0.7502586547110711
534,313,FEMALE,1305,872,0.6123853211009175
338471,316,FEMALE,472715,449252,0.753410112809737
15005,403,FEMALE,20595,20595,0.7285748968196164
245751,406,FEMALE,349064,349064,0.7040284876125869
117415,409,FEMALE,167144,167144,0.7024781027138276
244029,416,FEMALE,345721,345721,0.7058552995045138
